,statename,year,month,case_rate,death_rate,emp_combined,emp_combined_inclow,emp_combined_incmiddle,emp_combined_inchigh,gps_retail_and_recreation,gps_grocery_and_pharmacy,gps_workplaces,gps_residential,gps_away_from_home
0,Alabama,2020,2,0.0,0.0,0.010055,-0.013349999999999999,0.020633333333333333,0.024433333333333335,0.04762666666666667,0.016671666666666668,0.010711666666666666,0.0014283333333333333,-0.00041833333333333333
1,Alabama,2020,3,4.032,0.027638709677419354,-0.016584419354838707,-0.05277741935483871,-0.0011854838709677447,0.007967645161290319,-0.055806451612903214,0.07828387096774193,-0.10278741935483869,0.042226129032258065,-0.04985870967741936
2,Alabama,2020,4,85.1,2.7494666666666663,-0.17386666666666675,-0.33046666666666674,-0.11659666666666665,-0.04637333333333334,-0.3291000000000001,-0.06676900000000001,-0.37676666666666664,0.14426666666666665,-0.17653333333333332
3,Alabama,2020,5,244.6451612903226,9.49225806451613,-0.152,-0.2881290322580645,-0.10105483870967738,-0.0438483870967742,-0.13017741935483873,0.05028709676561291,-0.28683870967741937,0.09455806451612904,-0.11091612903225807
4,Alabama,2020,6,544.0333333333333,16.113333333333333,-0.09966666666666667,-0.19849999999999998,-0.06582333333333333,-0.013904666666666666,-0.06413333333333333,0.04689999999999999,-0.22993333333333332,0.06871333333333333,-0.0786466666666667
5,Alabama,2020,7,1262.0967741935483,25.277419354838706,-0.09588709677419356,-0.18680645161290327,-0.05829354838709675,-0.03186774193548387,-0.07751290322580646,0.021148709677419355,-0.25712903225806444,0.07170645161290322,-0.08364516129032257
6,Alabama,2020,8,2207.8064516129034,38.745161290322585,-0.09509677419354838,-0.18222580645161285,-0.058199999999999995,-0.0356741935483871,-0.09530967741935481,-0.005473870967741934,-0.24422580645161293,0.06174838709677419,-0.07185161290322578
7,Alabama,2020,9,2873.866666666667,48.53999999999999,-0.09589000000000002,-0.16739999999999997,-0.06341000000000001,-0.051989999999999995,-0.11396333333333333,-0.033620000000000004,-0.23606666666666662,0.04533333333333333,-0.051833333333333335
8,Alaska,2020,2,0.0,0.0,-0.0017350000000000002,-0.10833333333333334,0.01605,0.018833333333333334,0.06405,0.022868333333333334,0.028099999999999997,-0.0033333333333333327,0.005933666666666666
9,Alaska,2020,3,3.751548387096774,0.035258064516129034,-0.032765709677419354,-0.08962258064516128,-0.025941290322580645,-0.01668741935483871,-0.06985161290322581,0.04007419354838708,-0.12383903225806452,0.05055870967741936,-0.0585511935483871
10,Alaska,2020,4,37.50666666666666,0.7882666666666671,-0.20113333333333336,-0.42233333333333345,-0.1387666666666667,-0.20759999999999998,-0.3397333333333333,-0.11475999999999997,-0.3848666666666666,0.14719999999999997,-0.17556666666666668
11,Alaska,2020,5,54.041935483870965,1.0685483870967742,-0.13956129032258066,-0.43970967741935485,-0.08338387096774191,-0.09360000000000002,-0.051161612903225795,0.08173258064516131,-0.27622580645161293,0.08207741935483871,-0.09170322580645163
12,Alaska,2020,6,104.85333333333332,1.3263333333333338,-0.039133333333333326,-0.26380000000000003,0.004040666666666667,-0.006818770000000001,0.08398666666666668,0.14659999999999998,-0.20640000000000008,0.04520333333333333,-0.04560666666666668
13,Alaska,2020,7,298.258064516129,2.186451612903226,0.013673870967741936,-0.23970967741935487,0.07397741935483872,0.027531200000000002,0.1406774193548387,0.18051612903225808,-0.22612903225806458,0.04286129032258065,-0.04414193548387097
14,Alaska,2020,8,682.8387096774194,3.7167741935483876,0.02664193548387097,-0.2831290322580646,0.1132322580645161,0.018256129032258067,0.07689032258064517,0.1292709677419355,-0.22238709677419355,0.04161612903225806,-0.042061290322580616
15,Alaska,2020,9,1003.5333333333333,5.763,-0.029764,-0.3223333333333333,0.0362783,-0.006766333333333333,0.021133333333333337,0.052240999999999996,-0.19349999999999992,0.04328333333333333,-0.044496666666666664
16,Arizona,2020,2,0.013700000000000002,0.0,0.022466666666666666,-0.0006508333333333335,0.027,0.03813333333333333,0.0469,0.014780000000000001,0.01001,0.0009549999999999998,-0.003178333333333333
17,Arizona,2020,3,3.0272354838709674,0.05229677419354838,-0.006712838709677423,-0.0460458064516129,0.005919032258064513,0.007816774193548382,-0.08251096774193548,0.03977741935483871,-0.14621645161290325,0.051790322580645164,-0.06089451612903225
18,Arizona,2020,4,58.93,2.230633333333334,-0.1568,-0.2702333333333333,-0.12852666666666665,-0.09437333333333335,-0.3761,-0.15076666666666663,-0.4318333333333333,0.15476666666666664,-0.18899999999999997
19,Arizona,2020,5,184.8709677419355,8.804838709677417,-0.12332580645161291,-0.2948387096774194,-0.07968064516129035,-0.03197645161290322,-0.2552258064516129,-0.05960967741935485,-0.3648387096774193,0.12035483870967746,-0.14380645161290323
20,Arizona,2020,6,594.1,17.18,-0.07596666666666667,-0.2466,-0.027973333333333333,0.0036560333333333314,-0.19726666666666665,-0.06528333333333333,-0.3057333333333333,0.09966333333333331,-0.1178666666666667
21,Arizona,2020,7,1819.3548387096773,35.41290322580645,-0.08864193548387098,-0.253516129032258,-0.03958387096774192,-0.018275806451612905,-0.23848387096774198,-0.10375161290322585,-0.3493548387096775,0.11138709677419358,-0.13348387096774192
22,Arizona,2020,8,2637.5806451612902,61.177419354838705,-0.07936129032258064,-0.2506774193548387,-0.02900967741935483,-0.0047260129032258074,-0.2375483870967742,-0.1256451612903226,-0.3438064516129033,0.0993451612903226,-0.11764516129032264
23,Arizona,2020,9,2894.633333333333,73.93,-0.05951333333333332,-0.22456666666666664,-0.012066433333333333,0.014999666666666666,-0.2102666666666666,-0.12893333333333337,-0.3238333333333333,0.08285666666666663,-0.0970933333333333
24,Arkansas,2020,2,0.0,0.0,0.008203333333333332,-0.005975,0.020883333333333334,0.0,0.06285,0.01833833333333333,0.02025,-0.003805,0.0028222
25,Arkansas,2020,3,4.241616129032258,0.03849677419354839,-0.014920999999999999,-0.04523225806451613,0.004770774193548387,0.0,-0.033571290322580626,0.0709206451612903,-0.09865451612903225,0.03892580645161291,-0.04758483870967741
26,Arkansas,2020,4,59.19666666666667,1.1127,-0.1568733333333333,-0.2967,-0.08561999999999999,0.0,-0.25323333333333337,-0.028994666666666658,-0.3332,0.11472333333333336,-0.1410333333333333
27,Arkansas,2020,5,160.48387096774192,3.3538709677419356,-0.12423548387096775,-0.2753548387096775,-0.046835806451612914,0.0,-0.07980322580645159,0.09418064516129035,-0.2700000000000001,0.07797096774193549,-0.09089354838709678
28,Arkansas,2020,6,444.3,6.511666666666667,-0.08865000000000002,-0.19833333333333333,-0.019823466666666664,0.0,-0.029149999999999995,0.09488333333333333,-0.22746666666666662,0.05474999999999999,-0.06143333333333334
29,Arkansas,2020,7,1039.4193548387098,11.573548387096775,-0.11832258064516128,-0.18370967741935482,-0.06362903225806453,0.0,-0.04321645161290324,0.06358709677419354,-0.2537741935483871,0.05930322580645162,-0.06769999999999998
30,Arkansas,2020,8,1746.5806451612902,20.400000000000002,-0.12387096774193551,-0.18729032258064515,-0.06468709677419357,0.0,-0.042035483870967755,0.02945258064516129,-0.2462258064516129,0.05031935483870969,-0.05699999999999998
31,Arkansas,2020,9,2400.4333333333334,35.95000000000001,-0.13373333333333337,-0.19830000000000003,-0.07440999999999999,0.0,-0.06237666666666666,-0.0023356666666666673,-0.21889999999999998,0.034473333333333335,-0.03907666666666666
32,California,2020,2,0.0544,0.0,0.025349999999999998,-0.028999999999999998,0.03303333333333334,0.03186666666666667,0.025733333333333334,0.011186666666666666,0.019516666666666665,-0.002381666666666667,0.0017400000000000002
33,California,2020,3,4.523377419354838,0.09088064516129032,-0.02535516129032258,-0.09185806451612903,-0.017638387096774195,-0.01415809677419355,-0.15454193548387096,0.012259032258064519,-0.1761648387096774,0.08448354838709676,-0.10427141935483872
34,California,2020,4,73.05333333333334,2.5462666666666665,-0.21713333333333334,-0.33399999999999996,-0.23213333333333333,-0.14176666666666665,-0.49663333333333337,-0.18813333333333332,-0.48240000000000005,0.20713333333333334,-0.25560000000000005
35,California,2020,5,202.19354838709677,8.112258064516126,-0.18493548387096773,-0.32225806451612904,-0.20493548387096774,-0.09175483870967743,-0.448741935483871,-0.08490967741935483,-0.4117741935483872,0.16506451612903225,-0.1999354838709678
36,California,2020,6,413.8666666666667,13.133333333333333,-0.1197666666666667,-0.26753333333333335,-0.12893333333333332,-0.04336,-0.3304,-0.06194666666666667,-0.3378333333333333,0.12633333333333335,-0.15039999999999998
37,California,2020,7,931.0645161290323,18.990322580645163,-0.10964516129032263,-0.26838709677419353,-0.11283870967741938,-0.04096451612903225,-0.29377419354838713,-0.07092580645161291,-0.3536451612903226,0.11974193548387105,-0.14261290322580647
38,California,2020,8,1564.9032258064517,28.535483870967738,-0.10637741935483873,-0.2812903225806452,-0.10860000000000003,-0.03261612903225806,-0.293,-0.09025161290322581,-0.3605806451612902,0.11603225806451621,-0.1376451612903226
39,California,2020,9,1953.6,36.973333333333336,-0.09736333333333334,-0.2891666666666666,-0.09763666666666668,-0.0214,-0.2771999999999999,-0.10648000000000005,-0.34286666666666676,0.10909999999999997,-0.12863333333333335
40,Colorado,2020,2,0.0,0.0,0.013633333333333332,-0.0031155,0.011399999999999999,0.0248,0.010709999999999999,0.01642,0.024783333333333334,0.0007133333333333332,-0.0026056666666666663
41,Colorado,2020,3,10.42018387096774,0.1927741935483871,-0.021328709677419358,-0.053994193548387096,-0.018433548387096772,-0.01097748387096774,-0.13559354838709678,0.04302903225806452,-0.16406967741935485,0.07011935483870967,-0.08486005161290323
42,Colorado,2020,4,152.87,6.780333333333333,-0.1838666666666667,-0.3126666666666667,-0.19353333333333336,-0.10943666666666667,-0.43966666666666676,-0.20350000000000001,-0.49253333333333355,0.19153333333333325,-0.23293333333333335
43,Colorado,2020,5,370.03225806451616,19.93548387096775,-0.13755483870967744,-0.27374193548387094,-0.14887096774193542,-0.057061290322580636,-0.2668709677419355,-0.04662387096774194,-0.3970322580645162,0.1338709677419355,-0.15967741935483862
44,Colorado,2020,6,513.1333333333333,27.803333333333338,-0.07344666666666667,-0.19553333333333336,-0.06869333333333331,-0.025136666666666672,-0.1458,0.010760666666666668,-0.31356666666666666,0.08871333333333334,-0.10166
45,Colorado,2020,7,680.9677419354839,30.406451612903226,-0.051803225806451615,-0.1643548387096774,-0.04093225806451613,-0.017574193548387095,-0.09973225806451616,0.03363870967741935,-0.31883870967741934,0.0759322580645161,-0.08558387096774195
46,Colorado,2020,8,919.9354838709677,32.93225806451612,-0.04447741935483871,-0.15667741935483873,-0.03362903225806452,-0.010397419354838707,-0.10748387096774194,0.010779032258064519,-0.3162903225806452,0.07147419354838708,-0.0802290322580645
47,Colorado,2020,9,1105.0333333333333,34.88333333333333,-0.05947333333333333,-0.18683333333333327,-0.048889999999999996,-0.018026666666666667,-0.13099999999999998,-0.02066966666666666,-0.2946666666666667,0.07075333333333332,-0.07935333333333332
48,Connecticut,2020,2,0.0,0.0,0.0023750000000000004,-4.2333333333333276e-05,-0.0017511666666666667,0.011266666666666668,0.0457,-0.0049966666666666675,0.020951666666666664,-0.0026216666666666662,0.006296666666666666
49,Connecticut,2020,3,13.208429032258064,0.2561935483870968,-0.0389441935483871,-0.05530774193548387,-0.04037248387096774,-0.025371064516129034,-0.13152032258064514,0.02821935483870969,-0.15572580645161288,0.0722874193548387,-0.0870583741935484
50,Connecticut,2020,4,436.7933333333333,27.816666666666663,-0.2366666666666667,-0.38330000000000014,-0.23233333333333334,-0.14456666666666665,-0.4433666666666667,-0.19449999999999998,-0.48106666666666675,0.2031,-0.24599999999999997
51,Connecticut,2020,5,1017.1290322580645,91.40967741935484,-0.18303225806451615,-0.34819354838709676,-0.18029032258064512,-0.07519354838709678,-0.29538709677419356,-0.10658064516129034,-0.40316129032258075,0.15774193548387097,-0.1863225806451613
52,Connecticut,2020,6,1260.9333333333334,117.23333333333333,-0.10565333333333335,-0.2295333333333333,-0.10414333333333334,-0.023583333333333335,-0.12944333333333333,-0.03204633332446667,-0.3053,0.10460333333333334,-0.11888333333333337
53,Connecticut,2020,7,1342.3225806451612,122.93548387096774,-0.08227096774193549,-0.15661290322580643,-0.08132258064516129,-0.03328387096774193,-0.0917967741935484,-0.03612548387096774,-0.3021290322580646,0.08622258064516128,-0.09709677419354838
54,Connecticut,2020,8,1434.4516129032259,124.80645161290323,-0.07158709677419355,-0.15319354838709673,-0.06734516129032257,-0.02348387096774194,-0.07816451612903226,-0.04916548387096773,-0.3095483870967741,0.0653516129032258,-0.07188709677419355
55,Connecticut,2020,9,1543.8666666666666,125.7,-0.05282333333333333,-0.20403333333333332,-0.024593333333333325,0.0004503333333333335,-0.08461333333333333,-0.05738,-0.27110000000000006,0.06443333333333333,-0.07057999999999999
56,Delaware,2020,2,0.0,0.0,0.012533333333333334,-0.014699999999999998,0.015216666666666665,0.03386666666666666,0.044300000000000006,0.014995,0.028083333333333335,-0.004761666666666667,0.0077016666666666666
57,Delaware,2020,3,6.250870967741935,0.1027741935483871,-0.017904096774193547,-0.06196741935483871,-0.013091935483870968,0.01572067741935485,-0.09041258064516128,-0.004511935483870962,-0.13725129032258063,0.060219677419354835,-0.07295451612903225
58,Delaware,2020,4,231.0366666666667,6.298333333333334,-0.20080000000000003,-0.38366666666666666,-0.16893333333333335,-0.08239333333333332,-0.40686666666666677,-0.21213333333333326,-0.4542,0.18213333333333334,-0.22190000000000004
59,Delaware,2020,5,759.8709677419355,27.76774193548387,-0.17964516129032257,-0.36870967741935484,-0.15735483870967737,-0.03819419354838709,-0.28525806451612906,-0.09586129032258064,-0.38619354838709674,0.14632258064516127,-0.17425806451612902
60,Delaware,2020,6,1070.1,42.82666666666667,-0.09920333333333332,-0.2479,-0.08288666666666669,0.013755136666666667,-0.07435000000000001,0.019859666666666668,-0.29133333333333333,0.09416999999999996,-0.10760333333333334
61,Delaware,2020,7,1358.9032258064517,47.751612903225805,-0.06331612903225804,-0.15693548387096773,-0.05541612903225804,0.012335161290322581,-0.02512161291180645,0.04740967741935485,-0.28383870967741937,0.0825290322580645,-0.09336129032258063
62,Delaware,2020,8,1667.9354838709678,53.98064516129033,-0.05664838709677418,-0.1389032258064516,-0.05581612903225807,0.020432903225806452,-0.029216129032258058,0.02128838709677419,-0.2874516129032257,0.07594193548387097,-0.08524516129032261
63,Delaware,2020,9,1958.4666666666667,56.49333333333334,-0.05506,-0.14646666666666666,-0.04614,0.016546666666666668,-0.041812999999999996,0.002145000017733334,-0.26736666666666675,0.06714333333333333,-0.07398000000000002
64,District Of Columbia,2020,2,0.0,0.0,0.02153333333333333,0.028083333333333335,0.011233333333333333,0.030616666666666667,0.007156666666666666,-0.035250000000000004,0.0059499999999999996,0.0021416666666666663,0.00013200000000000017
65,District Of Columbia,2020,3,13.357999999999999,0.18767741935483873,-0.020710322580645164,0.005886129032258068,-0.03937193548387096,-0.006524580645161292,-0.22923870967741936,-0.06810161290322582,-0.24271935483870966,0.09331032258064517,-0.1106023870967742
66,District Of Columbia,2020,4,335.1166666666667,12.520999999999997,-0.18346666666666664,-0.15403333333333336,-0.26736666666666664,-0.10605000000000003,-0.6390666666666667,-0.32083333333333336,-0.6327666666666667,0.2496000000000001,-0.3003333333333334
67,District Of Columbia,2020,5,983.2258064516129,51.63225806451614,-0.1729032258064516,-0.16787096774193547,-0.269741935483871,-0.07896451612903227,-0.5988709677419354,-0.26138709677419353,-0.5865483870967743,0.2236129032258065,-0.2652903225806451
68,District Of Columbia,2020,6,1378.2333333333333,72.91000000000001,-0.14330000000000004,-0.13846666666666668,-0.2328666666666667,-0.05659333333333336,-0.5248333333333332,-0.20426666666666662,-0.4969000000000001,0.17936666666666665,-0.20736666666666664
69,District Of Columbia,2020,7,1578.9032258064517,81.04193548387096,-0.13235483870967743,-0.1574516129032258,-0.20451612903225805,-0.058187096774193536,-0.48693548387096774,-0.19683870967741937,-0.4840645161290324,0.15767741935483864,-0.18190322580645166
70,District Of Columbia,2020,8,1864.258064516129,84.53870967741932,-0.12645161290322587,-0.16445161290322582,-0.19938709677419356,-0.04952580645161289,-0.481,-0.21000000000000002,-0.4940967741935485,0.15303225806451612,-0.175741935483871
71,District Of Columbia,2020,9,2084.3333333333335,87.45333333333336,-0.12886666666666668,-0.16203333333333333,-0.20659999999999992,-0.04794333333333334,-0.4706000000000001,-0.20163333333333336,-0.4866666666666667,0.14836666666666665,-0.16816666666666666
72,Florida,2020,2,0.0,0.0,0.018683333333333333,0.006813333333333334,0.021633333333333334,0.027066666666666666,0.03641666666666666,0.013798333333333334,0.011666666666666667,-0.0007133333333333332,0.0010939166666666666
73,Florida,2020,3,5.345336129032258,0.07342838709677418,-0.014668870967741936,-0.04171303225806452,-0.004957354838709679,-0.001955161290322581,-0.11209064516129033,0.023876451612903218,-0.13635161290322578,0.05609290322580645,-0.06919193548387097
74,Florida,2020,4,104.25666666666666,3.025866666666667,-0.18356666666666668,-0.3088333333333333,-0.15429,-0.09038,-0.45893333333333336,-0.2244000000000001,-0.4532333333333332,0.18159999999999996,-0.22446666666666668
75,Florida,2020,5,209.6451612903226,8.960645161290321,-0.13456129032258066,-0.2694516129032258,-0.1093451612903226,-0.01961190322580645,-0.3171935483870968,-0.128741935483871,-0.36277419354838725,0.1341612903225807,-0.16283870967741937
76,Florida,2020,6,409.4,13.9,-0.06848333333333333,-0.17573333333333332,-0.045416666666666654,0.01601333333333333,-0.21989999999999998,-0.09822333333333333,-0.2865666666666667,0.09934000000000003,-0.11883333333333336
77,Florida,2020,7,1463.8387096774193,22.396774193548385,-0.06123870967741937,-0.15732258064516125,-0.0368,0.006088709677419355,-0.23661290322580644,-0.12081290322580643,-0.3178064516129033,0.10293548387096779,-0.12325806451612904
78,Florida,2020,8,2623.8064516129034,43.20967741935483,-0.05525483870967742,-0.16009677419354842,-0.027538709677419355,0.015869032258064516,-0.24441935483870972,-0.1533548387096774,-0.3211612903225807,0.09280322580645162,-0.11216129032258068
79,Florida,2020,9,3120.766666666667,59.87000000000001,-0.04419,-0.1520333333333333,-0.01616966666666667,0.030146666666666665,-0.23946666666666658,-0.15659999999999996,-0.2981,0.0781766666666667,-0.09402999999999997
80,Georgia,2020,2,0.0,0.0,0.008895,-0.008238333333333334,0.013983333333333334,0.020183333333333334,0.028321666666666665,0.0006999999999999998,0.006438333333333333,-0.00047666666666666604,0.0031518333333333333
81,Georgia,2020,3,6.7218193548387095,0.21245225806451618,-0.02893248387096774,-0.06071612903225807,-0.0224558064516129,-0.0025394516129032237,-0.08725354838709679,0.048161290322580645,-0.13636935483870968,0.054939354838709674,-0.06544548387096774
82,Georgia,2020,4,142.34333333333333,5.667,-0.20033333333333334,-0.3291666666666666,-0.18006666666666668,-0.08269666666666667,-0.3669333333333333,-0.11711666666666669,-0.4469666666666667,0.17266666666666663,-0.21203333333333335
83,Georgia,2020,5,337.06451612903226,14.861290322580647,-0.14961290322580648,-0.27932258064516136,-0.13383870967741934,-0.023175451612903224,-0.1891935483870968,-0.020186451604322576,-0.3558064516129032,0.12335483870967746,-0.14522580645161295
84,Georgia,2020,6,544.6666666666666,22.986666666666665,-0.09120333333333333,-0.19399999999999998,-0.08332333333333336,0.017746666666666668,-0.11946666666666665,-0.008759000008866666,-0.29353333333333337,0.08941000000000002,-0.10310333333333334
85,Georgia,2020,7,1152.774193548387,29.283870967741937,-0.0796483870967742,-0.16932258064516126,-0.07157419354838711,0.013201290322580645,-0.11429354838709681,-0.021246129006516127,-0.31796774193548394,0.08927419354838709,-0.10395483870967745
86,Georgia,2020,8,2052.6129032258063,43.20322580645162,-0.06072258064516129,-0.15851612903225806,-0.04739032258064517,0.03225483870967743,-0.1321290322580645,-0.05304193548387097,-0.3058709677419355,0.08226774193548385,-0.09553548387096776
87,Georgia,2020,9,2646.0333333333333,59.11,-0.040966666666666665,-0.1479666666666666,-0.021380000000000007,0.05168,-0.1349,-0.06605333333333334,-0.2809,0.06808999999999998,-0.07795333333333333
88,Hawaii,2020,2,0.0,0.0,-0.037066666666666664,-0.08111666666666667,-0.02935,0.0,0.016183333333333334,0.004038333333333334,0.009285000000000002,0.00023833333333333334,0.0006196833333333333
89,Hawaii,2020,3,3.3602967741935488,0.0022774193548387093,-0.07297741935483872,-0.11192903225806451,-0.052080645161290316,0.0,-0.1591241935483871,-0.04558709677419354,-0.14307741935483873,0.07139290322580645,-0.08747451612903226
90,Hawaii,2020,4,35.28666666666666,0.6451866666666667,-0.3664333333333334,-0.4224666666666666,-0.37286666666666674,0.0,-0.5234666666666666,-0.2958666666666667,-0.48146666666666676,0.2108,-0.2604666666666666
91,Hawaii,2020,5,44.27096774193548,1.195483870967742,-0.32161290322580643,-0.34167741935483875,-0.35541935483870973,0.0,-0.4486774193548388,-0.21716129032258072,-0.4058387096774193,0.16954838709677417,-0.20635483870967744
92,Hawaii,2020,6,52.5,1.2093333333333334,-0.25823333333333337,-0.24463333333333334,-0.30663333333333337,0.0,-0.35993333333333327,-0.19469999999999998,-0.3229,0.1274666666666667,-0.15356666666666668
93,Hawaii,2020,7,94.1516129032258,1.5329032258064526,-0.2551612903225806,-0.2114193548387097,-0.30103225806451617,0.0,-0.3385483870967742,-0.19174193548387095,-0.3249032258064516,0.1175483870967742,-0.14441935483870966
94,Hawaii,2020,8,357.38709677419354,2.8641935483870964,-0.2723225806451613,-0.22725806451612912,-0.30893548387096786,0.0,-0.38083870967741945,-0.23783870967741938,-0.3460967741935484,0.13280645161290322,-0.16303225806451613
95,Hawaii,2020,9,771.3666666666667,7.405333333333335,-0.30943333333333334,-0.3196,-0.33710000000000007,0.0,-0.4535666666666666,-0.2664,-0.3870666666666666,0.1506666666666666,-0.18536666666666665
96,Idaho,2020,2,0.0,0.0,0.03956666666666667,0.014683333333333333,0.050783333333333326,0.05336666666666667,0.07,0.05523333333333333,0.03214999999999999,-0.010718333333333335,0.014016666666666669
97,Idaho,2020,3,4.257290322580645,0.061419354838709674,-0.0038654838709677414,-0.04264967741935484,0.01991193548387097,0.0016087096774193574,-0.04957000000000001,0.10805806451612901,-0.10553967741935484,0.03692258064516129,-0.04440387096774193
98,Idaho,2020,4,85.70333333333332,2.0478000000000005,-0.15879999999999997,-0.2844666666666667,-0.10481000000000004,-0.08243333333333336,-0.3244666666666667,-0.06977133333333337,-0.40303333333333324,0.13272000000000003,-0.15973333333333337
99,Idaho,2020,5,135.48387096774192,4.090000000000001,-0.12433870967741936,-0.2882258064516129,-0.06234838709677419,-0.003454870967741932,-0.10716774193548387,0.08767387096774194,-0.30232258064516127,0.0780677419354839,-0.087958064516129
100,Idaho,2020,6,217.96666666666667,4.901333333333335,-0.07482000000000003,-0.1849666666666667,-0.029513333333333332,-0.002719666666666667,0.035912666666666676,0.14276666666666668,-0.22863333333333336,0.03843666666666666,-0.040560000000000006
101,Idaho,2020,7,744.2903225806451,6.8596774193548375,-0.07064516129032258,-0.16048387096774192,-0.03713225806451612,-0.0030433548387096758,0.039254838709677414,0.17990322580645163,-0.25825806451612904,0.03451612903225806,-0.034003225806451626
102,Idaho,2020,8,1531.741935483871,15.506451612903225,-0.06275161290322581,-0.16974193548387093,-0.0199741935483871,0.010418967741935483,0.026222580645161298,0.14083870967741935,-0.2530967741935484,0.028935483870967744,-0.027238709677419357
103,Idaho,2020,9,2064.0333333333333,23.746666666666677,-0.05874666666666666,-0.16823333333333335,-0.0009680000000000026,-0.01937703333333334,0.016142000000000004,0.10310333333333334,-0.22279999999999997,0.02046333333333333,-0.01923
104,Illinois,2020,2,0.01711666666666667,0.0,0.014083333333333331,0.008466666666666666,0.011483333333333333,0.02198333333333333,0.042166666666666665,0.036649999999999995,0.024033333333333334,-0.0052383333333333336,0.010388333333333333
105,Illinois,2020,3,8.440374193548388,0.11454451612903227,-0.01987322580645161,-0.04860467741935484,-0.01973161290322581,-0.0010732258064516094,-0.13376774193548385,0.0715,-0.1589025806451613,0.06895451612903225,-0.08244838709677418
106,Illinois,2020,4,211.08666666666667,8.580000000000002,-0.1659333333333333,-0.30006666666666665,-0.16543333333333327,-0.07809666666666668,-0.44,-0.12609666666666666,-0.4747666666666666,0.1905,-0.2308
107,Illinois,2020,5,718.4516129032259,31.870967741935484,-0.14067741935483877,-0.28825806451612895,-0.14422580645161293,-0.03748870967741938,-0.33325806451612894,-0.05133548387096773,-0.41309677419354834,0.15458064516129028,-0.18319354838709676
108,Illinois,2020,6,1058.9666666666667,51.306666666666665,-0.09026333333333333,-0.22056666666666666,-0.08831999999999998,-0.007173666666666667,-0.1908,-0.008428333333333335,-0.31426666666666675,0.0992,-0.11144000000000001
109,Illinois,2020,7,1269.8064516129032,58.729032258064514,-0.06675806451612903,-0.21558064516129036,-0.03980645161290323,-0.01161225806451613,-0.11852903225806458,-0.003270322580645162,-0.3083870967741936,0.07939677419354839,-0.08803225806451614
110,Illinois,2020,8,1648.967741935484,63.01290322580644,-0.05394193548387099,-0.2476451612903226,-0.00658967741935484,-0.0018618709677419366,-0.11003870967741938,-0.012354193548387097,-0.3,0.07165483870967743,-0.07909999999999999
111,Illinois,2020,9,2122.1666666666665,67.95333333333333,-0.04688666666666667,-0.2560666666666667,0.0012089933333333332,0.014275333333333334,-0.12803333333333333,-0.018906333333333334,-0.2760666666666667,0.06928,-0.07533
112,Indiana,2020,2,0.0,0.0,0.010983333333333333,-0.0032366666666666668,0.02041666666666667,0.009728333333333332,0.05428333333333333,0.016416666666666666,0.017633333333333334,-0.0019066666666666668,0.005175
113,Indiana,2020,3,4.861774193548388,0.1499806451612903,-0.02311216129032258,-0.05501354838709677,-0.0058240322580645175,-0.015868580645161293,-0.09320322580645161,0.05160322580645161,-0.12936612903225805,0.054553548387096765,-0.0643141935483871
114,Indiana,2020,4,144.81333333333333,8.021333333333335,-0.19493333333333343,-0.3043666666666666,-0.15838,-0.10987666666666668,-0.36503333333333343,-0.11975666666666668,-0.4363,0.16513333333333333,-0.19913333333333327
115,Indiana,2020,5,410.7741935483871,25.27741935483871,-0.14016451612903227,-0.24709677419354845,-0.11080967741935487,-0.040666774193548395,-0.16169354838709676,0.016355161298903225,-0.3360000000000001,0.11498064516129033,-0.13330645161290325
116,Indiana,2020,6,614.6,36.17333333333333,-0.07322999999999999,-0.1631,-0.04302333333333334,-0.004326506666666666,-0.015281333333333333,0.07243666666666666,-0.2409666666666666,0.05936333333333334,-0.06409666666666666
117,Indiana,2020,7,836.0322580645161,41.61612903225805,-0.059900000000000016,-0.12148387096774196,-0.03716129032258064,-0.018019354838709676,-0.0073238709849032255,0.05489354838709678,-0.24977419354838706,0.05460322580645161,-0.0589
118,Indiana,2020,8,1220.3548387096773,46.56451612903226,-0.06035806451612903,-0.11470967741935485,-0.04540322580645162,-0.010071612903225806,-0.02561290322580645,0.026501290313999996,-0.2309354838709678,0.04387419354838711,-0.04645806451612903
119,Indiana,2020,9,1629.0666666666666,51.46000000000001,-0.07271333333333332,-0.13653333333333337,-0.059223333333333315,-0.002874166666666668,-0.03566333333333334,0.0017583333155999992,-0.21086666666666667,0.029473333333333337,-0.0288
120,Iowa,2020,2,0.0,0.0,0.006796666666666666,0.010081666666666668,-0.0006033333333333333,0.018683333333333333,0.055483333333333336,0.10204999999999999,0.033800000000000004,-0.009280000000000002,0.014566666666666667
121,Iowa,2020,3,2.8543580645161293,0.026590322580645163,-0.015544516129032257,-0.04001667741935484,-0.010369677419354838,0.008764838709677421,-0.10500967741935484,0.13134806451612904,-0.10088387096774194,0.04683129032258064,-0.055369999999999996
122,Iowa,2020,4,88.43,2.0566666666666666,-0.19459999999999997,-0.33590000000000003,-0.16241666666666668,-0.05991666666666667,-0.37370000000000014,-0.01528699999113333,-0.3659333333333332,0.14506666666666665,-0.17553333333333326
123,Iowa,2020,5,451.1290322580645,11.009354838709676,-0.1659677419354839,-0.2773870967741936,-0.14793548387096775,-0.042916129032258075,-0.19958064516129032,0.13675161290322585,-0.30958064516129036,0.10953870967741938,-0.12754516129032262
124,Iowa,2020,6,773.0333333333333,20.74,-0.10692666666666667,-0.18900000000000003,-0.09886333333333334,-0.004370633333333334,-0.05643333333333333,0.19143333333333332,-0.22633333333333336,0.06024999999999999,-0.06377000000000001
125,Iowa,2020,7,1178.0,24.758064516129036,-0.08987096774193548,-0.1627096774193548,-0.08248064516129035,0.000497806451612903,-0.05224870967741936,0.19516129032258062,-0.23583870967741932,0.052906451612903214,-0.055516129032258055
126,Iowa,2020,8,1688.032258064516,31.351612903225814,-0.0901225806451613,-0.16919354838709677,-0.0705774193548387,-0.017838709677419348,-0.003134193556967741,0.19038709677419352,-0.23561290322580644,0.02972548387096775,-0.028406451612903214
127,Iowa,2020,9,2443.6666666666665,39.32000000000001,-0.10057666666666668,-0.16816666666666663,-0.09362333333333335,-0.017029666666666665,-0.013619666666666667,0.1454666666666667,-0.20026666666666668,0.033853333333333326,-0.03413
128,Kansas,2020,2,0.0,0.0,0.0008375100000000001,-0.008473333333333333,0.0071716666666666665,-0.003405,0.06451666666666667,-0.0009499999556666668,0.03403333333333333,-0.008329999999999999,0.009926666666666665
129,Kansas,2020,3,2.663241935483871,0.06641290322580644,-0.01823064516129032,-0.02538816129032258,-0.010996548387096775,-0.02703516129032258,-0.06507129032258065,0.07194838711393549,-0.1135432258064516,0.043126774193548385,-0.05252580645161291
130,Kansas,2020,4,63.6,2.563966666666666,-0.15638333333333335,-0.25893333333333335,-0.13595666666666664,-0.08653666666666668,-0.36196666666666666,-0.12244666666666668,-0.4027333333333332,0.15180000000000002,-0.18389999999999995
131,Kansas,2020,5,266.96774193548384,6.284516129032258,-0.11839354838709677,-0.22641935483870962,-0.10456451612903225,-0.027023000000000005,-0.1760322580645161,0.0010154838709677417,-0.3177096774193549,0.1030967741935484,-0.11951612903225804
132,Kansas,2020,6,406.3,8.531666666666665,-0.05578333333333333,-0.13000000000000003,-0.04708333333333333,0.0090124,-0.050190000000000005,0.03566666666666666,-0.23866666666666667,0.05656666666666668,-0.06238333333333335
133,Kansas,2020,7,735.1612903225806,10.68483870967742,-0.04874193548387097,-0.10291290322580648,-0.03468709677419355,-0.01962903225806452,-0.06797419354838709,0.009674516129032258,-0.2588064516129033,0.059312903225806436,-0.06644516129032257
134,Kansas,2020,8,1203.3225806451612,13.993548387096775,-0.05877096774193548,-0.12732258064516128,-0.03678064516129033,-0.031858064516129034,-0.0606,-0.026275806451612906,-0.2533870967741935,0.05138387096774192,-0.05730967741935486
135,Kansas,2020,9,1778.8333333333333,19.23,-0.06458,-0.14366666666666666,-0.04246666666666665,-0.02575333333333334,-0.06942999999999998,-0.052193333333333335,-0.22373333333333337,0.04023333333333334,-0.044050000000000006
136,Kentucky,2020,2,0.0,0.0,0.012016666666666667,0.0031383333333333333,0.016466666666666668,0.017383333333333334,0.04548333333333334,0.04165,0.02215,-0.0016683333333333333,0.004758333333333333
137,Kentucky,2020,3,2.4520096774193547,0.06061935483870968,-0.01589290322580645,-0.041622935483870964,-0.0028100000000000017,-0.0007410322580645161,-0.08181612903225809,0.08354516129032256,-0.12268483870967742,0.04925354838709677,-0.05855387096774194
138,Kentucky,2020,4,55.8,2.900666666666667,-0.19373333333333334,-0.29490000000000005,-0.16176333333333334,-0.08292999999999998,-0.33686666666666665,-0.058103333333333326,-0.42133333333333345,0.15059999999999998,-0.18126666666666671
139,Kentucky,2020,5,169.41935483870967,7.8316129032258095,-0.16280645161290325,-0.2725806451612903,-0.13493548387096777,-0.024504,-0.19809677419354835,0.05086774193548388,-0.3471290322580645,0.11299999999999999,-0.1314193548387097
140,Kentucky,2020,6,290.6333333333333,11.741999999999999,-0.08616333333333333,-0.16643333333333332,-0.06934666666666665,0.02405333333333333,-0.06832333333333332,0.09656333333333335,-0.2613333333333333,0.06391333333333334,-0.07024999999999999
141,Kentucky,2020,7,501.0967741935484,15.080645161290322,-0.060796774193548384,-0.1280967741935484,-0.04016774193548387,0.01449967741935484,-0.07516129032258063,0.061158064516129026,-0.271741935483871,0.06331290322580646,-0.0711774193548387
142,Kentucky,2020,8,918.9677419354839,19.006451612903223,-0.0643741935483871,-0.13219354838709677,-0.03941290322580646,0.0004268806451612903,-0.09379032258064517,0.032022903225806455,-0.2594838709677419,0.05811290322580644,-0.06436451612903225
143,Kentucky,2020,9,1397.6333333333334,24.803333333333335,-0.06094,-0.1252333333333334,-0.04350333333333333,0.01692633333333333,-0.1014166666666667,0.015331666666666672,-0.24300000000000008,0.046520000000000006,-0.049456666666666656
144,Louisiana,2020,2,0.0,0.0,0.0037366666666666663,-0.007816666666666666,0.012283333333333334,0.007335,0.12323333333333335,0.07166666666666667,-0.07498333333333333,0.006665,-0.0022233333333333332
145,Louisiana,2020,3,20.07759677419355,0.7891290322580644,-0.0404993870967742,-0.05684387096774193,-0.030845419354838713,-0.029892009677419354,-0.07904516131606451,0.07516129032258062,-0.12787612903225806,0.052232580653741936,-0.06288193548387096
146,Louisiana,2020,4,448.6666666666667,23.570333333333338,-0.2178333333333333,-0.3074,-0.18319999999999997,-0.11920666666666668,-0.37913333333333327,-0.09293666666666667,-0.4132333333333334,0.16163333333333335,-0.1997
147,Louisiana,2020,5,736.3548387096774,52.60000000000001,-0.1951290322580645,-0.30864516129032254,-0.15622580645161288,-0.05819677419354836,-0.21051612903225808,0.012532903225806453,-0.31338709677419346,0.10980322580645163,-0.13187096774193546
148,Louisiana,2020,6,1030.1666666666667,65.29999999999998,-0.1441333333333334,-0.2338333333333333,-0.11660000000000004,-0.02965666666666666,-0.12567333333333333,0.02005133333333333,-0.25373333333333337,0.07757333333333331,-0.09200333333333331
149,Louisiana,2020,7,1871.1612903225807,75.83548387096776,-0.14612903225806453,-0.23038709677419358,-0.12132258064516133,-0.03560322580645161,-0.13221935483870964,-0.005855161307483869,-0.28093548387096773,0.0814258064516129,-0.09768064516129034
150,Louisiana,2020,8,2934.1935483870966,96.45161290322581,-0.13899999999999998,-0.21851612903225806,-0.11325806451612905,-0.04000645161290325,-0.1592258064516129,-0.022769032258064516,-0.2903548387096774,0.07268064516129032,-0.0854516129032258
151,Louisiana,2020,9,3426.0,113.33333333333333,-0.12740000000000004,-0.20046666666666668,-0.10340666666666667,-0.03756999999999999,-0.1566,-0.04714766666666668,-0.271,0.04933333333333332,-0.05759333333333332
152,Maine,2020,2,0.0,0.0,0.004408333333333333,-0.007325000000000001,0.004935,0.018766666666666668,0.06023333333333333,0.012845,-0.010964999999999997,0.004768333333333334,-0.0006416666666666665
153,Maine,2020,3,5.063206451612904,0.03118709677419355,-0.046246645161290324,-0.08742903225806452,-0.035546225806451615,-0.027913548387096775,-0.10394516129032258,0.029964516129032257,-0.12205580645161292,0.05706290323438709,-0.0668551612903226
154,Maine,2020,4,55.44333333333332,2.0898999999999996,-0.2686333333333334,-0.4351999999999999,-0.23893333333333333,-0.14530666666666664,-0.42443333333333333,-0.16560000000000002,-0.42040000000000016,0.1580666666666667,-0.18953333333333336
155,Maine,2020,5,125.23870967741935,5.231612903225805,-0.17987096774193545,-0.3826774193548386,-0.14367741935483866,-0.02928709677419355,-0.2326451612903226,-0.01677096774193548,-0.33345161290322584,0.11070322580645162,-0.12904193548387097
156,Maine,2020,6,208.46666666666667,7.464,-0.08772666666666668,-0.2807333333333334,-0.04570333333333332,0.028053333333333326,-0.05665466667553333,0.08076333333333334,-0.2434,0.06199999999999999,-0.06712
157,Maine,2020,7,268.83870967741933,8.509032258064515,-0.02816451612903226,-0.19041935483870967,0.012589516129032256,0.04963548387096774,0.05811290322580645,0.13854516129032252,-0.24758064516129033,0.04755483870967743,-0.04777741935483869
158,Maine,2020,8,311.741935483871,9.481290322580643,-0.008461290322580646,-0.18258064516129027,0.0329741935483871,0.08328709677419353,0.10142903225806453,0.16116129032258067,-0.23277419354838716,0.03779032258064516,-0.03604516129032258
159,Maine,2020,9,368.0,10.182,-0.011336,-0.2391,0.038983333333333335,0.12269999999999996,0.055589666666666676,0.11235666666666669,-0.19693333333333332,0.028993333333333333,-0.026723333333333335
160,Maryland,2020,2,0.0,0.0,0.0064800000000000005,-0.02313333333333333,0.011883333333333334,0.019233333333333335,0.02548333333333333,0.003095,0.029766666666666667,-0.004051666666666666,0.007501666666666666
161,Maryland,2020,3,4.713280645161291,0.04481290322580645,-0.02328096774193548,-0.0652,-0.015293485806451613,-0.0057422580645161295,-0.11442870967741935,-0.0025819354838709702,-0.15876032258064515,0.07435096774193549,-0.08934016129032257
162,Maryland,2020,4,180.50333333333336,7.584966666666667,-0.19519999999999996,-0.3726666666666666,-0.17470000000000002,-0.0991966666666667,-0.4211333333333334,-0.21156666666666663,-0.5082999999999999,0.21786666666666665,-0.26356666666666667
163,Maryland,2020,5,635.3225806451613,31.61612903225807,-0.17729032258064514,-0.3735483870967741,-0.16264516129032258,-0.05778064516129031,-0.3208387096774193,-0.12418387096774193,-0.4506774193548387,0.18387096774193545,-0.21816129032258064
164,Maryland,2020,6,1029.3,48.54333333333334,-0.11530333333333334,-0.30073333333333335,-0.10185999999999999,-0.002582783333333333,-0.19383333333333336,-0.041609999999999994,-0.3586000000000001,0.1326,-0.15266666666666667
165,Maryland,2020,7,1276.1290322580646,55.400000000000006,-0.09122580645161292,-0.26054838709677425,-0.07089032258064518,-0.000985074193548387,-0.13112903225806452,-0.02322548387096774,-0.3470322580645161,0.11267741935483871,-0.1288709677419355
166,Maryland,2020,8,1656.0967741935483,60.154838709677406,-0.08329999999999999,-0.26193548387096777,-0.058706451612903235,0.006732051612903226,-0.14567741935483872,-0.057506451612903214,-0.3508709677419353,0.1089225806451613,-0.12390322580645162
167,Maryland,2020,9,1947.9,63.779999999999994,-0.07717333333333334,-0.2625333333333334,-0.05735,0.025650000000000003,-0.14913333333333328,-0.06748,-0.33316666666666683,0.10090000000000002,-0.11286666666666671
168,Massachusetts,2020,2,0.0145,0.0,0.0018533333333333334,-0.027200000000000002,0.0031766666666666666,0.011349999999999999,0.041666666666666664,-0.014986666666666667,-0.0007183333333333312,0.001665000000000001,0.0011351
169,Massachusetts,2020,3,16.111645161290323,0.1590967741935484,-0.049203290322580646,-0.11084838709677419,-0.047181935483870965,-0.027951645161290322,-0.14814741935483872,0.006790000000000009,-0.1883106451612903,0.08577193548387096,-0.10224087096774193
170,Massachusetts,2020,4,472.8666666666667,20.777666666666672,-0.27353333333333324,-0.4493666666666666,-0.3000333333333333,-0.16476666666666664,-0.49823333333333336,-0.24073333333333338,-0.5451,0.22780000000000006,-0.27460000000000007
171,Massachusetts,2020,5,1208.7096774193549,79.94193548387099,-0.22319354838709676,-0.4301290322580646,-0.253741935483871,-0.09601935483870967,-0.3763548387096774,-0.15612903225806454,-0.4748064516129032,0.18367741935483867,-0.21787096774193546
172,Massachusetts,2020,6,1530.5333333333333,110.73333333333333,-0.1456,-0.3312,-0.1658333333333333,-0.04204666666666668,-0.2380666666666667,-0.08414666666666665,-0.3686333333333333,0.1301,-0.14986666666666668
173,Massachusetts,2020,7,1637.483870967742,121.45161290322581,-0.09804838709677419,-0.2517096774193549,-0.10291290322580648,-0.030264516129032255,-0.1497096774193548,-0.07027741935483872,-0.3586451612903226,0.10450967741935482,-0.11780645161290325
174,Massachusetts,2020,8,1789.967741935484,128.1290322580645,-0.0703322580645161,-0.21422580645161293,-0.07436129032258065,-0.007493719354838714,-0.14045161290322578,-0.07580967741935486,-0.35338709677419344,0.09312580645161289,-0.10397096774193548
175,Massachusetts,2020,9,1830.8666666666666,134.13333333333333,-0.05591666666666668,-0.23050000000000004,-0.05893666666666666,0.01756333333333333,-0.1358,-0.07232666666666666,-0.3279333333333333,0.08828333333333337,-0.09812999999999997
176,Michigan,2020,2,0.0,0.0,0.009463333333333332,0.0016723333333333336,0.010516666666666667,0.016716666666666668,0.03213333333333333,0.00023833328900000014,0.007141666666666667,0.0026166666666666664,0.0019466666666666669
177,Michigan,2020,3,12.670129032258064,0.31204193548387094,-0.03481741935483871,-0.0669532258064516,-0.025584193548387098,-0.015490354838709678,-0.14877548387096776,0.01859483870967742,-0.16638806451612903,0.07168709677419353,-0.08383977419354839
178,Michigan,2020,4,273.2,19.865666666666666,-0.3137333333333333,-0.45523333333333316,-0.3035333333333334,-0.16456666666666664,-0.5209,-0.2200333333333334,-0.5553333333333333,0.2173,-0.2592333333333333
179,Michigan,2020,5,503.51612903225805,48.116129032258065,-0.25996774193548383,-0.4331935483870967,-0.24412903225806454,-0.08418064516129037,-0.31283870967741934,-0.07239806451612904,-0.44245161290322577,0.15445161290322582,-0.1795483870967742
180,Michigan,2020,6,661.4,59.90333333333333,-0.13440000000000002,-0.3004666666666667,-0.10262666666666667,-0.000463043333333334,-0.10319666666666667,0.027001333333333336,-0.29713333333333336,0.07928666666666667,-0.08603999999999998
181,Michigan,2020,7,802.0645161290323,63.42580645161289,-0.09440322580645161,-0.22883870967741946,-0.06318387096774193,0.0019969999999999996,-0.035858387096774184,0.04615806451612901,-0.2850967741935484,0.06169354838709677,-0.06390645161290322
182,Michigan,2020,8,1022.5483870967741,66.04516129032258,-0.07446129032258064,-0.2201935483870968,-0.03656451612903225,0.02133612903225807,-0.05544193548387097,0.012809677419354836,-0.27816129032258063,0.05507419354838711,-0.05695806451612904
183,Michigan,2020,9,1256.3,69.37999999999998,-0.05837666666666666,-0.21346666666666667,-0.015429333333333335,0.03807333333333333,-0.07338666666666668,-0.011714999999999998,-0.2526,0.04981333333333333,-0.05057333333333335
184,Minnesota,2020,2,0.0,0.0,0.007296666666666667,0.0009591666666666667,0.005451666666666666,0.014849999999999997,0.045466666666666676,0.029766666666666667,0.02285,-0.00619,0.010591666666666666
185,Minnesota,2020,3,2.5641064516129033,0.02689032258064516,-0.03095090322580645,-0.05970093548387097,-0.03147935483870968,-0.011385225806451613,-0.12873129032258065,0.021103225806451614,-0.14425483870967745,0.07018354838709677,-0.0847546129032258
186,Minnesota,2020,4,38.583333333333336,2.257133333333333,-0.2108666666666667,-0.36950000000000005,-0.20776666666666666,-0.11408333333333333,-0.4299333333333333,-0.15635000000000002,-0.4565999999999999,0.1926333333333333,-0.23283333333333328
187,Minnesota,2020,5,268.4193548387097,12.514193548387098,-0.1762258064516129,-0.3576129032258063,-0.17761290322580645,-0.05608064516129031,-0.2889677419354839,-0.005210645161290323,-0.39735483870967736,0.14329032258064514,-0.16909677419354838
188,Minnesota,2020,6,546.8666666666667,23.33666666666667,-0.10998000000000001,-0.26380000000000003,-0.10622333333333334,-0.017376666666666662,-0.13561666666666666,0.06543333333333333,-0.3060666666666666,0.09312999999999999,-0.10299333333333333
189,Minnesota,2020,7,794.3548387096774,27.7225806451613,-0.0832967741935484,-0.2225161290322581,-0.07239354838709679,-0.013496774193548387,-0.08484193548387099,0.04953516129032258,-0.3032258064516129,0.0795032258064516,-0.08639999999999999
190,Minnesota,2020,8,1155.6129032258063,31.138709677419357,-0.07093870967741936,-0.2143870967741936,-0.05741935483870967,-0.00328398064516129,-0.08295161290322581,0.0005945161290322585,-0.2961935483870967,0.07234838709677417,-0.07661612903225809
191,Minnesota,2020,9,1541.9333333333334,35.106666666666676,-0.06298333333333334,-0.22746666666666676,-0.04750333333333334,0.014608000000000001,-0.08535666666666666,-0.023054,-0.27669999999999995,0.06657333333333333,-0.07083
192,Mississippi,2020,2,0.0,0.0,0.001566666666666667,-0.004796666666666666,0.013016666666666668,-0.0047,0.07166666666666667,0.02926833333333333,-0.002618333333333333,-0.0007100000000000002,0.0018766666666666665
193,Mississippi,2020,3,6.279232258064517,0.09540645161290323,-0.02954874193548387,-0.03698677419354839,-0.012262903225806452,-0.04635709677419354,-0.007529032258064497,0.08854806451612904,-0.12027548387096774,0.03679806451612903,-0.04338709677419355
194,Mississippi,2020,4,122.93666666666667,4.447900000000001,-0.16267333333333328,-0.2092333333333333,-0.12080666666666669,-0.10651999999999999,-0.2774333333333333,-0.054139666666666655,-0.36826666666666663,0.1364,-0.16916666666666672
195,Mississippi,2020,5,372.93548387096774,17.126451612903224,-0.1274161290322581,-0.19551612903225807,-0.0739516129032258,-0.026725806451612898,-0.07098387096774193,0.06038064516129032,-0.2775806451612904,0.08662258064516132,-0.10247419354838712
196,Mississippi,2020,6,688.2666666666667,30.62333333333334,-0.07946333333333332,-0.1361666666666667,-0.027576666666666663,-0.013666000000000001,-0.0076223333333333325,0.056049999999999996,-0.22126666666666672,0.05857333333333333,-0.06851666666666666
197,Mississippi,2020,7,1386.3548387096773,44.35806451612903,-0.07129032258064517,-0.13667741935483868,-0.010038064516129033,0.001194290322580645,-0.02913193548387097,0.015892580645161292,-0.25335483870967745,0.06364838709677417,-0.07563870967741936
198,Mississippi,2020,8,2422.967741935484,69.93548387096773,-0.054858064516129006,-0.12470967741935486,0.011391967741935481,0.020203870967741937,-0.0687958064516129,-0.014098387096774193,-0.23983870967741935,0.05303870967741935,-0.06276774193548387
199,Mississippi,2020,9,3062.4,91.97666666666667,-0.09013000000000002,-0.14916666666666664,-0.04152766666666667,-0.008686366666666667,-0.08478666666666666,-0.043998,-0.21263333333333334,0.03552666666666668,-0.04139333333333333
200,Missouri,2020,2,0.0,0.0,0.008605,-0.0029783333333333333,0.015016666666666664,0.01187,0.06928333333333332,0.030949999999999995,0.05976666666666666,-0.010235,0.014200000000000003
201,Missouri,2020,3,3.434267741935484,0.050451612903225806,-0.01768741935483871,-0.04159903225806453,-0.004987741935483872,-0.00965548387096774,-0.05716774193548388,0.08727612903225805,-0.09361935483870969,0.043005161290322585,-0.0510641935483871
202,Missouri,2020,4,78.45666666666666,2.745366666666667,-0.16216666666666663,-0.24260000000000004,-0.14185,-0.08428333333333331,-0.3543666666666668,-0.07973333333333334,-0.40570000000000017,0.14973333333333333,-0.1811
203,Missouri,2020,5,175.80645161290323,9.41258064516129,-0.10302903225806453,-0.19441935483870967,-0.08394193548387098,-0.005682258064516127,-0.1472516129032258,0.041797096757032255,-0.3181290322580644,0.10045806451612907,-0.11621290322580648
204,Missouri,2020,6,281.1,14.91333333333333,-0.04991,-0.13236666666666666,-0.029173333333333332,0.029963333333333335,-0.028003000000000007,0.0780066666666667,-0.23626666666666665,0.05747666666666667,-0.06205000000000001
205,Missouri,2020,7,553.7741935483871,18.796774193548384,-0.03519032258064516,-0.1109677419354839,-0.013451612903225807,0.03212903225806452,-0.03189354838709677,0.06253225806451614,-0.25106451612903224,0.05723225806451614,-0.0627483870967742
206,Missouri,2020,8,1115.2903225806451,23.7516129032258,-0.03566451612903225,-0.1322258064516129,-0.005838387096774194,0.04539677419354839,-0.03106774193548388,0.03119580645161291,-0.24735483870967745,0.04995483870967741,-0.05463548387096775
207,Missouri,2020,9,1770.7666666666667,30.610000000000003,-0.050536666666666674,-0.19376666666666673,-0.00019428333333333282,0.055889999999999995,-0.04619,0.01142633332446666,-0.22420000000000004,0.03900333333333334,-0.04137
208,Montana,2020,2,0.0,0.0,0.01018,0.049550000000000004,-0.01115,0.014283333333333334,0.06381666666666667,0.02713333333333333,0.020233333333333336,-0.005475,0.006804999999999999
209,Montana,2020,3,3.6239999999999997,0.03621935483870968,-0.03748525806451613,0.0006109677419354888,-0.05050967741935484,-0.05354225806451614,-0.09622935483870967,0.053844838709677406,-0.12079096774193547,0.04405129032258064,-0.05447903225806452
210,Montana,2020,4,35.983333333333334,0.8731333333333332,-0.21490000000000006,-0.31920000000000004,-0.19626666666666667,-0.1256,-0.3942666666666667,-0.09018666666666668,-0.38673333333333343,0.13302000000000003,-0.16266666666666668
211,Montana,2020,5,43.99999999999999,1.5174193548387103,-0.14787096774193545,-0.23658064516129035,-0.14038709677419353,-0.049893548387096774,-0.10925806451612904,0.12172258064516131,-0.25854838709677413,0.0656225806451613,-0.07438709677419356
212,Montana,2020,6,61.68666666666666,1.8103333333333338,-0.08306666666666666,-0.15666666666666665,-0.06465,-0.034336666666666675,0.05190333333333332,0.19980000000000003,-0.19106666666666658,0.02613333333333333,-0.026359333333333342
213,Montana,2020,7,214.45483870967743,3.3458064516129036,-0.032696774193548384,-0.0718064516129032,-0.020132258064516125,-0.013913183225806458,0.08986129032258065,0.2661612903225807,-0.2144838709677419,0.021196774193548384,-0.018312903225806455
214,Montana,2020,8,535.1935483870968,7.745161290322579,-0.038867741935483875,-0.055645161290322584,-0.028648387096774187,-0.043676129032258065,0.08277096774193549,0.24364516129032257,-0.21222580645161293,0.016629032258064513,-0.012412903225806453
215,Montana,2020,9,918.3666666666667,13.340666666666664,-0.040350000000000004,-0.08377999999999998,-0.017033589999999998,-0.044403333333333336,0.05814666666666667,0.16716666666666666,-0.17666666666666664,0.011715333333333335,-0.009960501666666668
216,Nebraska,2020,2,0.6633333333333334,0.0,-0.006716666666666667,-0.02025,-0.0027016666666666665,-0.001412,0.06643333333333333,0.03595,0.021900000000000003,-0.005476666666666667,0.009300000000000001
217,Nebraska,2020,3,2.8048709677419352,0.02164516129032258,-0.027938709677419356,-0.07188709677419354,-0.015966774193548385,-0.0085705,-0.08635677419354838,0.06621483870967741,-0.11409967741935484,0.05328387096774194,-0.06439809677419356
218,Nebraska,2020,4,77.40333333333335,1.4922333333333335,-0.10903000000000002,-0.26633333333333337,-0.07040333333333335,-0.03116333333333333,-0.33643333333333325,-0.07262333333333333,-0.3600999999999998,0.14956666666666668,-0.18066666666666667
219,Nebraska,2020,5,509.64516129032256,6.404516129032259,-0.07679354838709677,-0.2331612903225807,-0.039687096774193555,0.002969345161290324,-0.18219354838709675,0.027548064507548393,-0.311741935483871,0.11742258064516131,-0.13851612903225805
220,Nebraska,2020,6,875.4666666666667,11.931999999999999,-0.049306666666666644,-0.19313333333333332,-0.008698000000000001,0.011206666666666667,-0.07441999999999999,0.06347,-0.23939999999999992,0.07290666666666669,-0.08109999999999999
221,Nebraska,2020,7,1153.258064516129,15.780645161290321,-0.04497096774193548,-0.1715806451612903,-0.012284838709677422,0.01444516129032258,-0.03981516129032259,0.06784193548387096,-0.2534838709677419,0.05806451612903227,-0.06245806451612902
222,Nebraska,2020,8,1566.5483870967741,19.0258064516129,-0.03578064516129032,-0.1696451612903226,0.0010178387096774193,0.022516129032258067,-0.032111935483870965,0.043464516129032266,-0.24077419354838717,0.049112903225806456,-0.052812903225806465
223,Nebraska,2020,9,2045.0,23.296666666666674,-0.03626666666666667,-0.17586666666666673,-0.0021645333333333338,0.033003333333333336,-0.04181000000000001,0.013712666666666666,-0.20446666666666669,0.03785333333333333,-0.03917000000000001
224,Nevada,2020,2,0.0,0.0,0.013883333333333333,0.0023216666666666668,0.01608333333333333,0.0244,0.0419,0.025966666666666666,0.005476666666666667,-0.0014283333333333333,0.002321
225,Nevada,2020,3,7.184570967741935,0.12886129032258065,-0.041152580645161294,-0.08534909677419356,-0.029025161290322583,-0.008787774193548387,-0.12768193548387097,0.034425806451612896,-0.1877709677419355,0.06981032258064516,-0.08606972258064517
226,Nevada,2020,4,105.66000000000001,4.359333333333334,-0.2708333333333333,-0.47056666666666663,-0.22100000000000003,-0.11357333333333335,-0.4305666666666666,-0.15800000000000003,-0.5291333333333332,0.1873333333333333,-0.23173333333333337
227,Nevada,2020,5,223.29032258064515,11.18483870967742,-0.2333870967741936,-0.4409032258064516,-0.1913225806451613,-0.04798516129032259,-0.31919354838709674,-0.06102903225806452,-0.4534193548387097,0.14851612903225803,-0.18070967741935479
228,Nevada,2020,6,395.8666666666667,15.156666666666666,-0.14063333333333336,-0.28483333333333327,-0.11842666666666668,0.004555833333333332,-0.1756666666666666,-0.024808999999999987,-0.34546666666666676,0.09869,-0.11830999999999997
229,Nevada,2020,7,1062.7096774193549,20.78709677419355,-0.11761290322580649,-0.25709677419354837,-0.08855483870967741,0.005125129032258064,-0.1625161290322581,-0.019075483870967736,-0.3435806451612904,0.09617419354838709,-0.11554838709677422
230,Nevada,2020,8,1966.6129032258063,34.961290322580645,-0.10716129032258065,-0.2576129032258066,-0.06788387096774191,0.007753225806451612,-0.18629032258064515,-0.05219677419354839,-0.3363548387096774,0.09277419354838713,-0.1103870967741935
231,Nevada,2020,9,2421.3333333333335,48.06333333333334,-0.09813666666666666,-0.23353333333333343,-0.06852333333333332,0.018094666666666665,-0.17570000000000002,-0.06223,-0.3121333333333334,0.08282333333333332,-0.09815000000000003
232,New Hampshire,2020,2,0.0,0.0,0.005966666666666666,-0.01495,0.007449999999999999,0.022966666666666666,0.041916666666666665,-0.021433333333333332,-0.03451166666666667,0.004285,-0.00041583333333333343
233,New Hampshire,2020,3,5.296983870967742,0.040354838709677425,-0.04305751612903226,-0.09864193548387096,-0.03438726451612903,-0.008368612903225804,-0.11475806451612902,0.0369725806451613,-0.14145612903225807,0.06659032258064515,-0.07843041935483872
234,New Hampshire,2020,4,90.21000000000001,2.472966666666666,-0.27443333333333336,-0.45726666666666665,-0.25823333333333337,-0.13310000000000002,-0.4096666666666666,-0.1876333333333333,-0.4472999999999999,0.18693333333333334,-0.22463333333333338
235,New Hampshire,2020,5,258.61290322580646,12.057419354838709,-0.19800000000000004,-0.3943870967741935,-0.18483870967741933,-0.036618709677419356,-0.2166451612903225,-0.0552061290408387,-0.3769677419354838,0.1418709677419355,-0.16551612903225804
236,New Hampshire,2020,6,391.73333333333335,23.459999999999994,-0.09488666666666669,-0.26256666666666667,-0.07971333333333333,0.034063333333333334,-0.044115666666666664,0.035851666666666664,-0.27963333333333334,0.09087333333333333,-0.10192333333333332
237,New Hampshire,2020,7,453.1290322580645,29.06129032258065,-0.05983225806451614,-0.1964516129032258,-0.03564516129032259,0.01830322580645161,0.014144193548387094,0.0655258064516129,-0.27477419354838706,0.07372258064516128,-0.07946129032258067
238,New Hampshire,2020,8,512.2903225806451,31.19354838709678,-0.043590322580645165,-0.192,-0.014798064516129032,0.035619354838709684,0.020448387096774195,0.06935161290322579,-0.26212903225806455,0.061564516129032264,-0.06500000000000002
239,New Hampshire,2020,9,571.4333333333333,32.06333333333334,-0.030183333333333322,-0.19220000000000004,0.0030603333333333333,0.052173333333333335,0.0003793333333333349,0.04919999999999999,-0.22249999999999998,0.05334999999999999,-0.05586333333333335
240,New Jersey,2020,2,0.0,0.0,0.010245,-0.009635,0.01695,0.016649999999999998,0.02501666666666667,-0.0004766666666666669,0.021433333333333332,-0.0016683333333333333,0.0042566666666666655
241,New Jersey,2020,3,33.58246451612903,0.42335806451612906,-0.03650132258064516,-0.07410645161290322,-0.029760322580645163,-0.01570322580645161,-0.15582064516129032,-0.0027816129032258072,-0.18612806451612904,0.08990870967741937,-0.1086458064516129
242,New Jersey,2020,4,820.6666666666666,38.53966666666667,-0.2584666666666667,-0.39586666666666664,-0.25306666666666666,-0.154,-0.5916666666666666,-0.1908766666666667,-0.5620999999999999,0.2464333333333334,-0.2985333333333334
243,New Jersey,2020,5,1623.5806451612902,112.19032258064516,-0.2249354838709677,-0.39322580645161265,-0.21732258064516133,-0.0984774193548387,-0.4679677419354838,-0.13360000000000002,-0.47032258064516125,0.1976774193548387,-0.2354516129032259
244,New Jersey,2020,6,1880.0,141.9,-0.15196666666666664,-0.3016333333333333,-0.14420000000000002,-0.041626666666666666,-0.3203666666666667,-0.03228566666666667,-0.3622333333333333,0.1408,-0.1628666666666667
245,New Jersey,2020,7,1984.967741935484,154.51612903225808,-0.10802258064516132,-0.21287096774193545,-0.09972580645161293,-0.03456129032258066,-0.20383870967741935,-0.0011496774193548384,-0.3398709677419355,0.11119354838709679,-0.1265483870967742
246,New Jersey,2020,8,2105.548387096774,158.5483870967742,-0.09197419354838711,-0.20080645161290323,-0.07746129032258063,-0.024216129032258067,-0.1698387096774193,-0.016540645161290318,-0.339258064516129,0.09708709677419358,-0.1094483870967742
247,New Jersey,2020,9,2227.3333333333335,159.96666666666667,-0.07694666666666666,-0.21323333333333333,-0.048263333333333346,-0.007532333333333334,-0.1518,-0.027474999999999992,-0.3182333333333335,0.08875666666666666,-0.09789666666666666
248,New Mexico,2020,2,0.0,0.0,0.03216666666666667,0.004868333333333333,0.061766666666666664,0.019733333333333335,0.052616666666666666,0.0531,0.0236,-0.004996666666666667,0.004363166666666667
249,New Mexico,2020,3,3.057580645161291,0.024609677419354836,0.0006909677419354878,-0.028824193548387094,0.03268064516129033,-0.012689774193548388,-0.07091516129032259,0.11239677419354839,-0.13263870967741936,0.04925903225806452,-0.05899806451612903
250,New Mexico,2020,4,78.55333333333334,2.341,-0.21220000000000014,-0.3021333333333333,-0.1712033333333333,-0.11346000000000002,-0.3656333333333334,-0.09493333333333334,-0.4247333333333333,0.1589333333333333,-0.1940666666666667
251,New Mexico,2020,5,273.8709677419355,11.906774193548385,-0.20035483870967744,-0.2882903225806451,-0.17238709677419356,-0.07283225806451611,-0.24693548387096773,0.027562903225806453,-0.36038709677419356,0.12567741935483873,-0.15061290322580648
252,New Mexico,2020,6,474.2,20.92,-0.11790000000000005,-0.18203333333333335,-0.09796666666666666,-0.024043333333333337,-0.1265,0.056523333333333335,-0.2808,0.09200666666666665,-0.10755
253,New Mexico,2020,7,775.516129032258,26.94193548387097,-0.10333225806451611,-0.1581612903225806,-0.08454516129032259,-0.02672258064516129,-0.13834193548387094,0.00973387096774193,-0.29948387096774204,0.09198387096774192,-0.10878064516129035
254,New Mexico,2020,8,1110.516129032258,34.038709677419355,-0.0985290322580645,-0.17241935483870968,-0.06817419354838712,-0.008694451612903225,-0.16399999999999998,-0.052116129032258054,-0.30174193548387096,0.08529677419354839,-0.09947419354838706
255,New Mexico,2020,9,1296.6333333333334,39.71333333333334,-0.07595333333333333,-0.14909999999999995,-0.04442666666666666,0.009581829999999998,-0.1562666666666667,-0.07339,-0.2885666666666667,0.07357666666666668,-0.08394333333333336
256,New York,2020,2,0.0,0.0,0.007976666666666667,-0.010106666666666667,0.009311666666666668,0.015066666666666666,0.03214999999999999,-0.0069099999999999995,0.0019116666666666668,0.004520000000000001,-0.00215305
257,New York,2020,3,77.08216387096775,1.3176774193548386,-0.04874032258064516,-0.09055161290322582,-0.044919651612903226,-0.03361392258064516,-0.17810645161290323,0.01747870967741936,-0.1794841935483871,0.08554322580645163,-0.10273300645161292
258,New York,2020,4,1084.5333333333333,72.85333333333334,-0.2910666666666667,-0.42060000000000003,-0.30593333333333333,-0.19433333333333339,-0.6046333333333334,-0.21863333333333335,-0.5673666666666667,0.2387333333333333,-0.28890000000000005
259,New York,2020,5,1799.1612903225807,141.6451612903226,-0.24541935483870964,-0.3883225806451613,-0.2643870967741936,-0.13358387096774194,-0.4929354838709678,-0.11973225806451612,-0.47525806451612895,0.1891290322580645,-0.22493548387096768
260,New York,2020,6,1997.3666666666666,157.26666666666668,-0.16449999999999998,-0.29123333333333334,-0.17433333333333334,-0.07853,-0.3569000000000001,-0.03714433333333334,-0.3695,0.1318666666666667,-0.15256666666666666
261,New York,2020,7,2104.3548387096776,161.80645161290323,-0.1276451612903226,-0.22612903225806455,-0.1304193548387097,-0.0698483870967742,-0.24935483870967737,-0.02607354838709677,-0.3515806451612903,0.1009677419354839,-0.11461290322580646
262,New York,2020,8,2210.2258064516127,163.48387096774192,-0.1032516129032258,-0.20145161290322575,-0.10508387096774195,-0.04737096774193548,-0.21996774193548396,-0.055074193548387086,-0.34887096774193543,0.08760000000000001,-0.09718064516129032
263,New York,2020,9,2319.3,164.6,-0.07902999999999999,-0.20313333333333336,-0.07671333333333334,-0.017423333333333336,-0.20473333333333338,-0.055229999999999994,-0.32160000000000016,0.07919333333333335,-0.08769333333333335
264,North Carolina,2020,2,0.0,0.0,0.009486666666666666,-0.016683333333333335,0.0196,0.02766666666666667,0.024043333333333333,-0.015470000000000003,-0.0007150000000000004,0.009538333333333331,-0.008718333333333331
265,North Carolina,2020,3,2.650277096774193,0.009839677419354839,-0.018635745161290324,-0.05726129032258065,-0.0033893548387096783,0.007485999999999996,-0.07232290322580645,0.052366451612903216,-0.11854548387096774,0.04440258064516129,-0.053191612903225806
266,North Carolina,2020,4,53.48333333333333,1.5270666666666666,-0.2019666666666667,-0.34246666666666664,-0.15783000000000003,-0.08153333333333332,-0.3573333333333334,-0.10453333333333334,-0.4195666666666667,0.15423333333333328,-0.18786666666666674
267,North Carolina,2020,5,176.4516129032258,6.2712903225806444,-0.16816129032258062,-0.3219354838709677,-0.12520967741935488,-0.024872145161290323,-0.225,-0.010829677419354842,-0.3469032258064516,0.11909677419354842,-0.1399677419354839
268,North Carolina,2020,6,439.26666666666665,11.085000000000003,-0.10163333333333334,-0.22796666666666668,-0.06579,0.015223333333333334,-0.11683333333333334,0.026097000008866673,-0.27236666666666665,0.0801,-0.09062666666666666
269,North Carolina,2020,7,894.4516129032259,15.496774193548386,-0.0891709677419355,-0.20509677419354838,-0.05083870967741936,0.005625603225806453,-0.10839354838709679,0.014747419354838712,-0.2915483870967742,0.07529354838709679,-0.08594838709677416
270,North Carolina,2020,8,1387.1290322580646,22.625806451612902,-0.08072903225806452,-0.19648387096774195,-0.041187096774193556,0.011165806451612904,-0.12370967741935485,-0.013589032258064519,-0.287483870967742,0.0703193548387097,-0.0802193548387097
271,North Carolina,2020,9,1805.2333333333333,30.130000000000006,-0.07461333333333334,-0.18839999999999998,-0.040853333333333325,0.027086666666666665,-0.12759999999999996,-0.02480366666666666,-0.2685666666666666,0.05847333333333333,-0.06472333333333333
272,North Dakota,2020,2,0.0,0.0,0.028916666666666663,0.02345,0.036333333333333336,0.01815,0.05786666666666667,0.0033299999999999996,0.028816666666666668,-0.005951666666666668,0.011108333333333333
273,North Dakota,2020,3,3.3290645161290326,0.03809677419354838,-0.01933322580645161,-0.03716548387096775,-0.023810967741935484,0.020834883870967748,-0.10700354838709679,0.04551612903225807,-0.08703967741935482,0.053109677419354843,-0.06409741935483872
274,North Dakota,2020,4,64.86666666666666,1.2946000000000002,-0.28779999999999994,-0.5098666666666668,-0.22220000000000006,-0.10682333333333335,-0.4095333333333333,-0.12036666666666665,-0.33656666666666674,0.16183333333333336,-0.1964666666666667
275,North Dakota,2020,5,244.5483870967742,5.629677419354838,-0.2704838709677419,-0.517451612903226,-0.20393548387096777,-0.051787096774193554,-0.14346451612903224,0.004421290322580647,-0.2587096774193548,0.09575483870967744,-0.1104258064516129
276,North Dakota,2020,6,408.1,10.342,-0.15543333333333334,-0.3019,-0.1206633333333333,-0.013376433333333333,-0.011383333333333327,0.05300333333333332,-0.19210000000000002,0.04218666666666666,-0.04263666666666665
277,North Dakota,2020,7,633.6129032258065,12.509677419354839,-0.10011935483870969,-0.1186451612903226,-0.11932258064516131,-0.019852516129032258,0.0033590322237419365,0.05705161290322581,-0.2090967741935484,0.03363870967741935,-0.029935483870967738
278,North Dakota,2020,8,1156.3870967741937,16.793548387096777,-0.11558064516129032,-0.11077419354838713,-0.13954838709677422,-0.06077741935483871,-0.010557419354838707,0.029396774193548383,-0.20616129032258068,0.028887096774193554,-0.024712903225806455
279,North Dakota,2020,9,2172.733333333333,24.496666666666673,-0.10562666666666669,-0.11263333333333336,-0.12660000000000002,-0.03947333333333334,-0.04546999999999999,-0.030480999999999994,-0.1988,0.024186666666666672,-0.02308
280,Ohio,2020,2,0.0,0.0,0.012250000000000002,0.0023666666666666667,0.01833333333333333,0.014583333333333332,0.04474999999999999,0.009056666666666666,0.02,-0.00143,0.004785
281,Ohio,2020,3,3.339658064516129,0.060443548387096785,-0.029965193548387097,-0.058014564516129026,-0.016215225806451614,-0.014664548387096773,-0.11735806451612905,0.03324838709677419,-0.14386709677419354,0.05999806451612904,-0.0707825806451613
282,Ohio,2020,4,81.91000000000001,3.569366666666667,-0.23180000000000006,-0.3584333333333333,-0.1904666666666667,-0.11184,-0.3846666666666667,-0.12905333333333335,-0.4472999999999999,0.17013333333333333,-0.2043333333333333
283,Ohio,2020,5,233.8709677419355,13.713548387096772,-0.16606451612903228,-0.2955483870967743,-0.1308064516129032,-0.026346129032258067,-0.21435483870967745,-0.010738064516129034,-0.3553225806451613,0.12164193548387099,-0.1404193548387097
284,Ohio,2020,6,365.03333333333336,21.990000000000002,-0.07597666666666665,-0.16446666666666668,-0.04927666666666668,0.013395333333333334,-0.056953333333333335,0.048336666666666674,-0.26156666666666667,0.06542666666666667,-0.07025666666666668
285,Ohio,2020,7,608.3548387096774,26.799999999999997,-0.06287741935483872,-0.12848387096774191,-0.04207096774193548,0.0007896129032258061,-0.05935806451612903,0.03143290322580644,-0.272483870967742,0.06199032258064513,-0.06708064516129032
286,Ohio,2020,8,922.7741935483871,32.754838709677415,-0.05547419354838709,-0.1279032258064516,-0.029503225806451615,0.007399870967741937,-0.07401290322580645,0.0009716129032258089,-0.26425806451612904,0.057654838709677414,-0.06283225806451612
287,Ohio,2020,9,1194.9333333333334,38.47333333333333,-0.048856666666666666,-0.1383333333333333,-0.014696333333333334,0.023486666666666673,-0.07529,-0.013196333333333334,-0.23396666666666668,0.04252666666666669,-0.04356666666666668
288,Oklahoma,2020,2,0.0,0.0,0.009814999999999999,0.0010059999999999997,0.015166666666666667,0.011283333333333333,0.05048333333333333,0.016908333333333334,0.022133333333333335,-0.0026183333333333336,0.0016849999999999999
289,Oklahoma,2020,3,2.502016129032258,0.08231290322580645,-0.025609999999999997,-0.05802741935483871,-0.009621290322580644,-0.012195483870967742,-0.044732258064516126,0.07952806451612904,-0.11141645161290324,0.040886451612903225,-0.049766451612903224
290,Oklahoma,2020,4,57.176666666666684,3.1095666666666664,-0.13946666666666666,-0.2541333333333333,-0.10728000000000003,-0.03862333333333333,-0.29406666666666664,-0.05400333333333334,-0.38509999999999994,0.14113333333333333,-0.17223333333333335
291,Oklahoma,2020,5,130.80645161290323,7.236129032258065,-0.08432580645161293,-0.18141935483870966,-0.06186129032258065,0.011558612903225806,-0.07346129032258066,0.08553225806451614,-0.2903225806451613,0.08680322580645163,-0.10043225806451615
292,Oklahoma,2020,6,233.9,9.138666666666664,-0.059419999999999994,-0.13906666666666662,-0.04095333333333333,0.019133333333333336,-0.0054273333333333335,0.09702333333333332,-0.2301,0.05223333333333336,-0.05772333333333332
293,Oklahoma,2020,7,601.6451612903226,11.309999999999999,-0.06661612903225807,-0.15241935483870966,-0.04074193548387096,0.005070645161290323,-0.03875612903225806,0.052906451612903214,-0.2575483870967743,0.059916129032258056,-0.06813548387096774
294,Oklahoma,2020,8,1216.741935483871,16.92258064516129,-0.06438064516129031,-0.15596774193548382,-0.033480645161290325,0.005011612903225805,-0.05114838709677419,0.025401935483870965,-0.2456451612903226,0.049812903225806476,-0.05663225806451613
295,Oklahoma,2020,9,1835.2,23.223333333333333,-0.06059333333333334,-0.1561,-0.025753333333333336,0.005850166666666667,-0.06866,0.0031440000000000014,-0.22009999999999996,0.039956666666666675,-0.044576666666666674
296,Oregon,2020,2,0.007899999999999999,0.0,0.01721666666666667,0.007458333333333333,0.019066666666666666,0.019950000000000002,0.0712,0.030716666666666666,0.023116666666666664,-0.009523333333333333,0.01185
297,Oregon,2020,3,3.5357870967741944,0.09869677419354839,-0.03585622580645162,-0.061344903225806456,-0.03168096774193548,-0.027029483870967742,-0.1224483870967742,0.020799032258064502,-0.15408322580645162,0.058089354838709674,-0.07084440322580646
298,Oregon,2020,4,39.893333333333324,1.4455666666666669,-0.21256666666666668,-0.25923333333333337,-0.22189999999999993,-0.1495333333333333,-0.40323333333333333,-0.13004333333333337,-0.4460666666666665,0.1544333333333333,-0.18860000000000002
299,Oregon,2020,5,82.97419354838709,3.182903225806452,-0.1879677419354839,-0.2533870967741936,-0.20341935483870968,-0.09281612903225804,-0.28187096774193554,-0.029127741935483866,-0.3838064516129032,0.12251612903225809,-0.14619354838709675
300,Oregon,2020,6,145.76666666666668,4.284,-0.11363333333333334,-0.24420000000000006,-0.10740333333333335,-0.02650333333333333,-0.14843333333333333,0.019665,-0.3126999999999999,0.08583333333333333,-0.10097666666666667
301,Oregon,2020,7,322.35483870967744,6.0774193548387085,-0.0917774193548387,-0.2826451612903226,-0.06199032258064515,-0.021341935483870967,-0.10128064516129034,0.03428709677419354,-0.3154516129032258,0.06907096774193547,-0.07742903225806455
302,Oregon,2020,8,545.6774193548387,9.342258064516129,-0.08437419354838707,-0.32622580645161287,-0.0420741935483871,-0.007576032258064518,-0.10503870967741942,0.01843354838709677,-0.31522580645161286,0.0628741935483871,-0.06929999999999999
303,Oregon,2020,9,711.3,12.223333333333333,-0.10501,-0.3797,-0.06224333333333333,-0.0034566999999999996,-0.15463,-0.026903,-0.31829999999999997,0.07475333333333332,-0.08572000000000002
304,Pennsylvania,2020,2,0.0,0.0,0.009541666666666667,0.0018349999999999998,0.010581666666666668,0.01655,0.04976666666666666,0.011166666666666667,0.024999999999999998,-0.0021449999999999998,0.004836666666666666
305,Pennsylvania,2020,3,6.01266129032258,0.06750096774193548,-0.031550225806451615,-0.05759874193548387,-0.02536835483870968,-0.012863870967741936,-0.13367967741935483,-0.00419354838709679,-0.1682893548387097,0.0712009677419355,-0.08486096774193548
306,Pennsylvania,2020,4,214.2133333333333,7.969566666666666,-0.24383333333333335,-0.3632,-0.2275333333333333,-0.1353,-0.46086666666666665,-0.20569999999999997,-0.48600000000000015,0.1943999999999999,-0.2351666666666667
307,Pennsylvania,2020,5,502.5806451612903,33.78387096774193,-0.190741935483871,-0.3412903225806451,-0.16793548387096774,-0.05867096774193549,-0.31783870967741934,-0.08043548387096774,-0.40132258064516135,0.14803225806451617,-0.1744193548387097
308,Pennsylvania,2020,6,655.1,49.01333333333333,-0.11668000000000002,-0.24513333333333337,-0.09374999999999999,-0.011080333333333333,-0.1709,-0.016329999999999997,-0.30656666666666665,0.09294999999999999,-0.10417333333333337
309,Pennsylvania,2020,7,809.0322580645161,54.7483870967742,-0.08466774193548386,-0.17899999999999996,-0.06686774193548387,-0.00872,-0.10678387096774196,-0.000878064516129032,-0.3045483870967743,0.0760290322580645,-0.08379354838709677
310,Pennsylvania,2020,8,1004.2903225806451,58.71612903225807,-0.07587096774193547,-0.1816451612903226,-0.05321612903225807,0.003946806451612903,-0.1049935483870968,-0.020554838709677416,-0.30648387096774193,0.06958064516129034,-0.07565161290322578
311,Pennsylvania,2020,9,1183.1666666666667,62.38333333333334,-0.07472666666666665,-0.19610000000000002,-0.05165666666666668,0.022706666666666667,-0.10940333333333337,-0.028991333333333334,-0.27986666666666676,0.06047333333333331,-0.06460333333333333
312,Rhode Island,2020,2,0.0,0.0,0.006186666666666667,0.005641666666666667,0.0019646666666666666,0.0157,0.0662,-0.03025,0.011683333289,-0.0019050000000000002,0.004843333333333332
313,Rhode Island,2020,3,7.832032258064516,0.051774193548387096,-0.06720545161290323,-0.10742300000000002,-0.06655712903225808,-0.03273854838709678,-0.11923225806451611,0.009617419354838716,-0.14536483870967742,0.06798483870967742,-0.08204645161290322
314,Rhode Island,2020,4,376.2866666666667,10.8808,-0.3329000000000001,-0.5040333333333332,-0.3326666666666667,-0.18066666666666673,-0.4361333333333333,-0.19376666666666661,-0.47079999999999994,0.19586666666666666,-0.23810000000000003
315,Rhode Island,2020,5,1160.967741935484,47.10967741935484,-0.2589677419354839,-0.4546129032258065,-0.2552903225806452,-0.09153870967741934,-0.2601290322580645,-0.08910645161290322,-0.3997096774193548,0.1510967741935484,-0.17929032258064512
316,Rhode Island,2020,6,1514.5333333333333,80.18333333333334,-0.14023333333333335,-0.30679999999999996,-0.13326666666666664,-0.006074500000000001,-0.06587,-0.026757333333333338,-0.30263333333333337,0.09369000000000002,-0.10679666666666665
317,Rhode Island,2020,7,1674.483870967742,92.99032258064516,-0.0862967741935484,-0.22041935483870964,-0.07023225806451612,-0.0008838709677419354,-0.019816129032258063,-0.019540000000000002,-0.29922580645161295,0.07690645161290321,-0.08582903225806451
318,Rhode Island,2020,8,1933.8064516129032,96.73548387096773,-0.056058064516129054,-0.18558064516129036,-0.038035483870967744,0.02109451612903226,-0.04806129032258065,-0.040602258064516124,-0.2934193548387096,0.06990322580645161,-0.07823225806451613
319,Rhode Island,2020,9,2198.9,101.97666666666667,-0.04778333333333333,-0.20299999999999999,-0.024789999999999996,0.04167333333333333,-0.059666666666666666,-0.04277333333333334,-0.2632000000000001,0.06152333333333333,-0.06675333333333335
320,South Carolina,2020,2,0.0,0.0,0.0037300000000000007,-0.017316666666666668,0.012683333333333336,0.014566666666666667,0.044035,0.0050149999999999995,0.016683333333333335,0.0014283333333333333,0.0012983333333333338
321,South Carolina,2020,3,3.964890322580645,0.07953548387096775,-0.029894516129032253,-0.07044516129032258,-0.011695548387096775,-0.011745387096774192,-0.05812548387096774,0.0595590322580645,-0.1014116129032258,0.040497741935483875,-0.04754806451612903
322,South Carolina,2020,4,73.29666666666665,2.1257333333333333,-0.20460000000000003,-0.3303333333333333,-0.1657333333333333,-0.10150000000000005,-0.33593333333333325,-0.07654999999999999,-0.39446666666666663,0.14130000000000004,-0.17296666666666663
323,South Carolina,2020,5,169.1290322580645,7.352903225806452,-0.15250322580645162,-0.2741612903225807,-0.12022903225806453,-0.03863693548387097,-0.13705161290322576,0.03244193548387097,-0.307225806451613,0.09919032258064517,-0.11629032258064516
324,South Carolina,2020,6,412.03333333333336,11.934666666666665,-0.07529666666666666,-0.1643333333333333,-0.05038666666666667,0.004889333333333333,-0.03671666666666667,0.05848333333333334,-0.23703333333333335,0.06695,-0.07654333333333334
325,South Carolina,2020,7,1239.4516129032259,22.00645161290322,-0.06603870967741936,-0.15077419354838711,-0.03886129032258065,0.0009770483870967742,-0.06179354838709678,0.03248741935483872,-0.2651935483870968,0.07109354838709675,-0.08251612903225804
326,South Carolina,2020,8,2054.0967741935483,43.9032258064516,-0.06100322580645162,-0.1545483870967742,-0.026922580645161287,0.0022645483870967742,-0.08390967741935483,-0.007887096774193548,-0.2570967741935484,0.06221290322580644,-0.07161612903225807
327,South Carolina,2020,9,2600.766666666667,60.129999999999995,-0.06587,-0.16286666666666663,-0.03427,0.009698333333333333,-0.07980666666666668,-0.022658666666666667,-0.23556666666666665,0.048096666666666676,-0.05448333333333334
328,South Dakota,2020,2,0.0,0.0,-0.007146666666666667,-0.06061666666666666,-0.009091666666666666,0.0,0.029778333333333334,0.07213333333333334,0.0169,-0.000715,0.0047929999999999995
329,South Dakota,2020,3,2.593322580645161,0.08019354838709677,-0.009244765483870968,-0.05409870967741935,-0.009799419354838709,0.0,-0.07738032258064514,0.11142580645161287,-0.0918325806451613,0.05042903225806451,-0.06111935483870967
330,South Dakota,2020,4,136.5,0.7946666666666665,-0.10606000000000003,-0.21393333333333334,-0.10465333333333335,0.0,-0.3546333333333333,-0.03808266666666667,-0.3412,0.14909999999999995,-0.18196666666666667
331,South Dakota,2020,5,433.5483870967742,4.6580645161290315,-0.08635483870967742,-0.20961290322580653,-0.09535483870967744,0.0,-0.11411612903225805,0.1369096774193548,-0.272258064516129,0.09656129032258066,-0.1124483870967742
332,South Dakota,2020,6,670.5333333333333,8.601333333333335,-0.04170666666666667,-0.16143333333333326,-0.04830000000000001,0.0,0.05209133333333333,0.25116666666666665,-0.1928333333333333,0.04884333333333333,-0.051556666666666674
333,South Dakota,2020,7,875.516129032258,12.658064516129032,-0.02764193548387097,-0.09685483870967743,-0.03281290322580645,0.0,0.11916129032258067,0.3131612903225807,-0.19877419354838702,0.03773870967741934,-0.036812903225806444
334,South Dakota,2020,8,1192.258064516129,17.167741935483868,-0.024119354838709677,-0.07992580645161292,-0.031103225806451616,0.0,0.16964838709677424,0.33877419354838706,-0.19116129032258067,0.029916129032258064,-0.027603225806451605
335,South Dakota,2020,9,1993.6333333333334,21.646666666666672,-0.01895,-0.09289,-0.03615666666666668,0.0,0.06680666666666665,0.20613333333333336,-0.1716333333333333,0.020959999999999996,-0.019359333333333333
336,Tennessee,2020,2,0.0,0.0,0.014433333333333333,0.005361666666666667,0.012566666666666665,0.03245,0.04072666666666667,0.013093333333333334,0.021433333333333332,-0.0023799999999999997,0.004315
337,Tennessee,2020,3,5.842332258064516,0.027864516129032256,-0.019766774193548383,-0.038924154838709674,-0.02215932258064516,0.014745161290322583,-0.06480967741935484,0.07577516129032258,-0.11909,0.045338387096774194,-0.0531641935483871
338,Tennessee,2020,4,91.43333333333334,1.8261333333333336,-0.17876666666666668,-0.29816666666666664,-0.14966666666666664,-0.06729666666666666,-0.33393333333333336,-0.07106333333333333,-0.4018,0.144,-0.17543333333333333
339,Tennessee,2020,5,253.4516129032258,4.179677419354839,-0.13180322580645165,-0.254741935483871,-0.10245806451612902,-0.016185645161290323,-0.12075161290322582,0.041570967741935486,-0.3074193548387096,0.09329032258064515,-0.1073709677419355
340,Tennessee,2020,6,466.96666666666664,7.053333333333333,-0.08054333333333334,-0.18013333333333337,-0.05792666666666667,0.016017333333333335,-0.032053333333333336,0.05844,-0.2418333333333333,0.05914000000000001,-0.06538333333333335
341,Tennessee,2020,7,1041.4516129032259,11.740322580645165,-0.07805483870967744,-0.16254838709677422,-0.05635806451612903,-0.002074,-0.05152548387096775,0.035399999999999994,-0.2677096774193548,0.06451935483870969,-0.0737064516129032
342,Tennessee,2020,8,1896.516129032258,20.235483870967744,-0.07696451612903227,-0.1579032258064516,-0.05389677419354839,-0.009566451612903223,-0.0695774193548387,0.006399677419354838,-0.25625806451612904,0.057187096774193556,-0.06463225806451611
343,Tennessee,2020,9,2543.8,30.593333333333337,-0.07136666666666666,-0.16259999999999997,-0.04065666666666665,-0.006595,-0.07699333333333333,-0.012147,-0.2329666666666667,0.04270666666666666,-0.04706
344,Texas,2020,2,0.03563333333333333,0.0,0.018983333333333335,0.005618333333333334,0.02913333333333333,0.0155,0.0438,0.020481666666666665,0.025716666666666665,-0.0061983333333333335,0.007585166666666666
345,Texas,2020,3,2.2962064516129033,0.030048387096774192,-0.013124935483870968,-0.0465401935483871,0.0018890322580645171,-0.0026514516129032255,-0.08627096774193548,0.052867741935483874,-0.1531406451612903,0.060294193548387096,-0.0729516129032258
346,Texas,2020,4,56.81666666666668,1.4109333333333332,-0.16896666666666665,-0.2930999999999999,-0.13903,-0.08228666666666667,-0.38246666666666673,-0.15873333333333334,-0.44,0.18456666666666663,-0.22670000000000004
347,Texas,2020,5,162.80645161290323,4.4554838709677425,-0.12138064516129037,-0.2499032258064517,-0.09298709677419359,-0.026933548387096776,-0.21396774193548382,-0.042806451612903224,-0.3515483870967742,0.13277419354838713,-0.15800000000000006
348,Texas,2020,6,355.3666666666667,7.1336666666666675,-0.07376333333333335,-0.1794333333333333,-0.04811000000000001,-0.00024266666666666683,-0.1416,-0.025336666666666667,-0.29619999999999996,0.10217333333333335,-0.11943333333333334
349,Texas,2020,7,1056.4516129032259,13.475806451612906,-0.0864838709677419,-0.18538709677419352,-0.061441935483870995,-0.019496774193548384,-0.18529032258064512,-0.06618709677419356,-0.33919354838709675,0.11793548387096778,-0.1406774193548387
350,Texas,2020,8,1915.8064516129032,31.841935483870966,-0.08440967741935484,-0.18716129032258064,-0.05936129032258065,-0.013180322580645165,-0.16880645161290325,-0.07714516129032259,-0.328741935483871,0.09912903225806448,-0.11658064516129034
351,Texas,2020,9,2447.5333333333333,46.76666666666666,-0.06886,-0.16406666666666664,-0.049656666666666675,0.0046236566666666675,-0.16646666666666665,-0.0972166666666667,-0.2992333333333334,0.0863466666666667,-0.09977333333333331
352,Utah,2020,2,0.026,0.0,0.011381666666666667,-0.016345000000000002,0.026150000000000003,0.016816666666666667,0.06476666666666668,0.09344999999999999,0.02953333333333333,-0.006661666666666666,0.00853
353,Utah,2020,3,5.596690322580645,0.02013548387096774,-0.03365867741935484,-0.0877483870967742,-0.004837741935483876,-0.02296083870967742,-0.09754064516129031,0.12378032258064516,-0.14797580645161293,0.05866645161290322,-0.07067
354,Utah,2020,4,85.54333333333332,0.7502999999999999,-0.17123333333333335,-0.2831666666666667,-0.13602666666666666,-0.09390000000000004,-0.3512333333333333,-0.09999000000000001,-0.4433666666666665,0.16176666666666664,-0.19453333333333334
355,Utah,2020,5,222.93548387096774,2.487741935483871,-0.14070967741935483,-0.24183870967741936,-0.12144838709677419,-0.042429032258064506,-0.16890322580645165,0.041306451612903215,-0.3678387096774193,0.10838064516129038,-0.1246451612903226
356,Utah,2020,6,482.8,4.464333333333334,-0.09877333333333334,-0.17293333333333333,-0.08515333333333336,-0.025333333333333333,-0.09367666666666667,0.09046666666666668,-0.30426666666666674,0.07757333333333334,-0.08676666666666667
357,Utah,2020,7,994.8064516129032,7.350645161290319,-0.10084193548387098,-0.17167741935483866,-0.08026451612903225,-0.04770967741935484,-0.08936129032258065,0.09630967741935487,-0.3293548387096774,0.07161290322580643,-0.0784193548387097
358,Utah,2020,8,1454.0645161290322,11.40258064516129,-0.10435483870967745,-0.15590322580645158,-0.0902096774193548,-0.06381290322580646,-0.08502258064516129,0.06922580645161289,-0.31683870967741934,0.061280645161290316,-0.06623225806451616
359,Utah,2020,9,1903.1666666666667,13.57666666666667,-0.10419333333333336,-0.17666666666666667,-0.08451,-0.04723333333333332,-0.08591,0.048049999999999995,-0.28746666666666665,0.05156666666666667,-0.056369999999999996
360,Vermont,2020,2,0.0,0.0,-0.012866666666666667,-0.022283333333333332,-0.018633333333333335,0.01718333333333333,0.059533333333333334,0.011896666666666665,-0.038816666666666666,0.00619,-0.0026196666666666664
361,Vermont,2020,3,9.562709677419356,0.48016129032258065,-0.07117096774193549,-0.11413870967741938,-0.06440645161290322,-0.05309029032258065,-0.14183322580645163,-0.027218064516129035,-0.1673006451612903,0.0688525806451613,-0.08083774193548389
362,Vermont,2020,4,113.1,5.118333333333334,-0.3377666666666667,-0.4878666666666668,-0.3309333333333333,-0.2142333333333334,-0.5017333333333334,-0.2793,-0.5094,0.19249999999999998,-0.22996666666666662
363,Vermont,2020,5,150.1290322580645,8.531290322580647,-0.2899032258064515,-0.4495483870967743,-0.2838387096774194,-0.1534193548387097,-0.30516129032258055,-0.12186451612903226,-0.4175161290322581,0.13693548387096774,-0.15883870967741937
364,Vermont,2020,6,179.26666666666668,8.879333333333335,-0.1992,-0.3567666666666666,-0.18496666666666667,-0.09455666666666668,-0.13690333333333332,-0.015906999999999998,-0.30619999999999997,0.08736000000000001,-0.09796
365,Vermont,2020,7,211.93548387096774,8.980322580645161,-0.1641935483870967,-0.3228709677419355,-0.1434516129032258,-0.08133225806451612,-0.06820645161290323,0.03968064516129032,-0.30554838709677423,0.07166774193548386,-0.07805806451612902
366,Vermont,2020,8,242.4516129032258,9.272580645161295,-0.14858064516129024,-0.3014838709677419,-0.13225806451612906,-0.05699032258064517,-0.0532741935483871,0.04206774193548388,-0.29758064516129024,0.06298709677419355,-0.0662741935483871
367,Vermont,2020,9,271.2,9.300000000000006,-0.1426333333333333,-0.3278666666666667,-0.12326666666666668,-0.028423333333333325,-0.05724,0.021381999999999998,-0.25016666666666665,0.05143666666666666,-0.05404
368,Virginia,2020,2,0.0,0.0,0.013716666666666667,-0.006370000000000001,0.010141666666666667,0.032516666666666666,0.030233333333333334,0.014753333333333334,0.019266666666666665,-0.0007116666666666672,0.003454616666666667
369,Virginia,2020,3,2.6367870967741935,0.06120645161290322,-0.019527225806451613,-0.05637032258064516,-0.016139967741935483,0.001824129032258066,-0.09447870967741936,0.033458387096774206,-0.1493032258064516,0.06217935483870968,-0.07535193548387097
370,Virginia,2020,4,87.46000000000001,2.7414333333333336,-0.1705333333333333,-0.3254666666666667,-0.16016666666666665,-0.07569333333333336,-0.38720000000000004,-0.1442333333333333,-0.45409999999999984,0.1829999999999999,-0.22156666666666672
371,Virginia,2020,5,349.80645161290323,11.599032258064517,-0.15045161290322578,-0.31864516129032255,-0.14503225806451617,-0.03977887096774193,-0.29174193548387095,-0.06396451612903226,-0.40374193548387083,0.15209677419354836,-0.1794193548387097
372,Virginia,2020,6,642.1666666666666,18.37666666666667,-0.09969333333333333,-0.2514666666666667,-0.09887666666666667,0.005787333333333333,-0.1762333333333333,-0.007573666666666667,-0.3245666666666667,0.10984666666666668,-0.12583333333333335
373,Virginia,2020,7,880.9032258064516,23.29032258064516,-0.08464838709677419,-0.20454838709677414,-0.08513225806451612,8.119354838709673e-05,-0.12858064516129034,0.005073225806451612,-0.3252903225806451,0.09528709677419353,-0.1087741935483871
374,Virginia,2020,8,1243.967741935484,28.038709677419355,-0.07501612903225804,-0.1866774193548387,-0.07304516129032258,0.0005946612903225804,-0.13816129032258062,-0.026312258064516134,-0.32819354838709675,0.09281935483870968,-0.1061451612903226
375,Virginia,2020,9,1589.4,33.77333333333333,-0.07225,-0.18223333333333333,-0.06888000000000001,0.0003400666666666665,-0.1447666666666666,-0.038664666666666674,-0.30816666666666664,0.08228,-0.09162666666666668
376,Washington,2020,2,0.08095,0.0021833333333333336,0.022516666666666667,-0.08091666666666666,0.0307,0.016266666666666665,0.0593,0.012146666666666667,0.010486666666666667,-0.006901666666666667,0.008360000000000001
377,Washington,2020,3,19.56732258064516,1.0067806451612904,-0.023723548387096772,-0.13450645161290323,-0.012600967741935483,-0.03452703225806451,-0.1478135483870968,0.010206451612903237,-0.2021806451612903,0.07752354838709678,-0.09284451612903226
378,Washington,2020,4,143.39666666666665,7.415000000000001,-0.21630000000000005,-0.34786666666666666,-0.23720000000000005,-0.1673333333333333,-0.4149666666666667,-0.15323333333333328,-0.5112333333333333,0.18653333333333333,-0.22509999999999994
379,Washington,2020,5,251.90322580645162,13.04516129032258,-0.18661290322580643,-0.29864516129032265,-0.2213548387096774,-0.11417096774193553,-0.3108387096774194,-0.04819806451612904,-0.4275161290322582,0.14319354838709683,-0.16974193548387095
380,Washington,2020,6,370.3,16.15,-0.10487666666666669,-0.21616666666666667,-0.13092,-0.04825333333333333,-0.20383333333333326,-0.01695333333333333,-0.3521333333333334,0.10668333333333331,-0.12453666666666671
381,Washington,2020,7,609.6451612903226,19.525806451612905,-0.0735774193548387,-0.18532258064516127,-0.08832580645161289,-0.03747096774193547,-0.14222580645161292,-0.0011974193548387095,-0.3526774193548387,0.08589032258064518,-0.09642580645161294
382,Washington,2020,8,911.0645161290323,24.316129032258065,-0.06239354838709677,-0.15000000000000002,-0.08114193548387097,-0.02103258064516129,-0.14280645161290317,-0.01516806451612903,-0.35316129032258065,0.07860967741935485,-0.08613548387096776
383,Washington,2020,9,1110.7666666666667,27.740000000000002,-0.046779999999999995,-0.12696666666666667,-0.06943333333333332,0.0010550333333333335,-0.1645333333333334,-0.049044000000000004,-0.3386666666666668,0.08502333333333333,-0.09616666666666668
384,West Virginia,2020,2,0.0,0.0,-0.007756666666666666,-0.012589999999999999,-0.013633333333333332,0.013949999999999999,0.06641666666666667,-0.00238,0.016899999999999995,0.0011916666666666666,0.0012463333333333335
385,West Virginia,2020,3,1.5593161290322581,0.005399999999999999,-0.03830741935483871,-0.05579677419354839,-0.03239354838709677,-0.014611096774193547,-0.06264516129032258,0.026380645169870973,-0.11693225806451614,0.045305806451612904,-0.053804483870967736
386,West Virginia,2020,4,39.64666666666667,0.9580333333333332,-0.18150000000000002,-0.25000000000000006,-0.15880333333333332,-0.08782,-0.34853333333333336,-0.12153333333333331,-0.39286666666666664,0.13500000000000004,-0.1625
387,West Virginia,2020,5,85.37419354838711,3.511612903225806,-0.17138709677419353,-0.22987096774193547,-0.14874193548387094,-0.09840645161290323,-0.14107096774193548,0.03276870967741936,-0.30680645161290326,0.09331612903225808,-0.1077741935483871
388,West Virginia,2020,6,133.56666666666666,4.8599999999999985,-0.12340000000000002,-0.18326666666666663,-0.10405,-0.04109,0.0024816666489333337,0.08085666666666665,-0.2290333333333334,0.051756666666666666,-0.055853333333333324
389,West Virginia,2020,7,262.2258064516129,5.581935483870966,-0.10023870967741937,-0.1437741935483871,-0.0932483870967742,-0.025616129032258066,-0.02613,0.06879354838709678,-0.24541935483870972,0.0494483870967742,-0.054129032258064515
390,West Virginia,2020,8,472.51612903225805,8.937096774193549,-0.08916451612903227,-0.1280967741935484,-0.08143870967741935,-0.025774193548387097,-0.05184838709677418,0.03621516129890322,-0.24000000000000005,0.04618387096774195,-0.05069354838709677
391,West Virginia,2020,9,733.7666666666667,15.950000000000001,-0.08764333333333331,-0.11856666666666668,-0.07972000000000001,-0.04090666666666666,-0.06181333333333334,0.015238666666666663,-0.21596666666666667,0.032479999999999995,-0.03354
392,Wisconsin,2020,2,0.017199999999999997,0.0,0.004735,-0.006978333333333333,0.008998333333333332,0.010926666666666668,0.051666666666666666,0.034050000000000004,0.029516666666666667,-0.004763333333333333,0.009893333333333336
393,Wisconsin,2020,3,5.180238709677419,0.07477419354838709,-0.02728374193548387,-0.05236612903225807,-0.01922225806451613,-0.01144951612903226,-0.13649451612903224,0.01629032258064516,-0.11993967741935484,0.06341387096774194,-0.07495645161290324
394,Wisconsin,2020,4,68.53999999999999,3.092033333333333,-0.1779666666666667,-0.3038666666666666,-0.1476633333333333,-0.07320666666666667,-0.4440000000000001,-0.16346666666666668,-0.4105,0.17609999999999995,-0.2117666666666666
395,Wisconsin,2020,5,216.80645161290323,7.713225806451613,-0.14304193548387095,-0.27,-0.11678387096774195,-0.027028632258064518,-0.2612903225806451,-0.007780645161290325,-0.3402580645161291,0.12825806451612903,-0.14964516129032257
396,Wisconsin,2020,6,435.9,12.163333333333334,-0.07551000000000001,-0.16449999999999998,-0.057069999999999996,0.00553177,-0.05997333333333335,0.08302333333333332,-0.23563333333333333,0.07223666666666666,-0.07672666666666668
397,Wisconsin,2020,7,752.1290322580645,14.625806451612899,-0.0631516129032258,-0.13258064516129034,-0.046396774193548394,-0.005571290322580645,-0.03501967741935484,0.0958548387096774,-0.24764516129032269,0.06470967741935485,-0.06782580645161292
398,Wisconsin,2020,8,1199.967741935484,18.016129032258064,-0.053177419354838704,-0.132,-0.03269677419354839,0.008603580645161292,-0.059393548387096776,0.06510645161290324,-0.24138709677419357,0.05603225806451614,-0.057858064516129036
399,Wisconsin,2020,9,1735.2333333333333,21.120000000000005,-0.05446999999999999,-0.16193333333333332,-0.023196666666666657,0.021379999999999996,-0.09300666666666667,0.023475666675533326,-0.2226333333333334,0.05194666666666666,-0.05384
400,Wyoming,2020,2,0.0,0.0,-0.006340000000000001,-0.020466666666666664,-0.0012635,0.0,0.044533333333333334,0.06383333333333334,0.02476666666666667,0.000715,0.00044916666666666656
401,Wyoming,2020,3,4.326387096774194,0.0,-0.027290967741935485,-0.06131935483870968,-0.009843290322580644,0.0,-0.08510870967741936,0.10112161290322583,-0.10655483870967743,0.04446903225806452,-0.05433212903225807
402,Wyoming,2020,4,63.276666666666664,0.4727333333333335,-0.12693999999999997,-0.2931000000000001,-0.07097333333333335,0.0,-0.33419999999999994,-0.08019666666666668,-0.3418333333333334,0.13115333333333334,-0.1597666666666666
403,Wyoming,2020,5,126.92903225806452,1.6716129032258067,-0.08892258064516131,-0.23919354838709672,-0.03154645161290323,0.0,-0.10443,0.0731958064516129,-0.25135483870967745,0.07543870967741935,-0.08786451612903226
404,Wyoming,2020,6,194.2,3.198999999999998,0.003567066666666668,-0.05038576666666665,0.03655333333333334,0.0,0.07003666666666669,0.2240666666666667,-0.1904666666666666,0.03132666666666666,-0.031496666666666666
405,Wyoming,2020,7,356.61290322580646,3.958709677419353,0.018196774193548385,0.01872483870967742,0.03598064516129032,0.0,0.14341935483870966,0.3209677419354839,-0.2079354838709677,0.022699999999999994,-0.019880645161290327
406,Wyoming,2020,8,570.5483870967741,5.522258064516127,0.00884032258064516,0.021349064516129036,0.01398967741935484,0.0,0.1285290322580645,0.2795483870967742,-0.19974193548387095,0.01618387096774194,-0.012422580645161293
407,Wyoming,2020,9,806.7,7.920999999999998,-0.014796699999999998,-0.01925333333333333,-0.02306,0.0,0.04529033333333332,0.17659999999999998,-0.1777333333333333,0.010096333333333334,-0.007991433333333334
